"","SSC_NAME_2016","median_income_bin","gender"
"1","Curtis Island","P_2000_2999_Tot","P"
"2","Coppabella (Qld)","P_1750_1999_Tot","P"
"3","Hail Creek","P_1750_1999_Tot","P"
"4","Breakaway","P_1500_1749_Tot","P"
"5","Castle Hill (Qld)","P_1250_1499_Tot","P"
"6","Glenden","P_1250_1499_Tot","P"
"7","McKinlay","P_1250_1499_Tot","P"
"8","Middlemount","P_1250_1499_Tot","P"
"9","Newstead (Qld)","P_1250_1499_Tot","P"
"10","Rocky Point (Weipa - Qld)","P_1250_1499_Tot","P"
"11","Teneriffe","P_1250_1499_Tot","P"
"12","Tennyson (Qld)","P_1250_1499_Tot","P"
"13","Tieri","P_1250_1499_Tot","P"
"14","Trunding","P_1250_1499_Tot","P"
"15","Amberley","P_1000_1249_Tot","P"
"16","Ascot (Brisbane - Qld)","P_1000_1249_Tot","P"
"17","Augustine Heights","P_1000_1249_Tot","P"
"18","Balmoral (Qld)","P_1000_1249_Tot","P"
"19","Bardon","P_1000_1249_Tot","P"
"20","Blackwater","P_1000_1249_Tot","P"
"21","Brookwater","P_1000_1249_Tot","P"
"22","Bulimba","P_1000_1249_Tot","P"
"23","Camp Hill","P_1000_1249_Tot","P"
"24","Cassowary","P_1000_1249_Tot","P"
"25","Cloncurry","P_1000_1249_Tot","P"
"26","Comet","P_1000_1249_Tot","P"
"27","Dolphin Heads","P_1000_1249_Tot","P"
"28","Dysart (Qld)","P_1000_1249_Tot","P"
"29","Fig Tree Pocket","P_1000_1249_Tot","P"
"30","Flying Fox (Qld)","P_1000_1249_Tot","P"
"31","Grange (Qld)","P_1000_1249_Tot","P"
"32","Hamilton (Qld)","P_1000_1249_Tot","P"
"33","Hawthorne","P_1000_1249_Tot","P"
"34","Healy","P_1000_1249_Tot","P"
"35","Idalia","P_1000_1249_Tot","P"
"36","Mackay Harbour","P_1000_1249_Tot","P"
"37","May Downs","P_1000_1249_Tot","P"
"38","Mica Creek","P_1000_1249_Tot","P"
"39","Miles End","P_1000_1249_Tot","P"
"40","Moranbah","P_1000_1249_Tot","P"
"41","Mount Archer (Rockhampton - Qld)","P_1000_1249_Tot","P"
"42","Mount Isa City","P_1000_1249_Tot","P"
"43","Murray","P_1000_1249_Tot","P"
"44","Nanum","P_1000_1249_Tot","P"
"45","New Farm","P_1000_1249_Tot","P"
"46","Norman Park","P_1000_1249_Tot","P"
"47","O'Connell (Qld)","P_1000_1249_Tot","P"
"48","Orange Hill","P_1000_1249_Tot","P"
"49","Paddington (Qld)","P_1000_1249_Tot","P"
"50","Parkside (Qld)","P_1000_1249_Tot","P"
"51","Prince Henry Heights","P_1000_1249_Tot","P"
"52","Richmond (Mackay - Qld)","P_1000_1249_Tot","P"
"53","Ryan (Qld)","P_1000_1249_Tot","P"
"54","Soldiers Hill (Qld)","P_1000_1249_Tot","P"
"55","Stokes","P_1000_1249_Tot","P"
"56","Sunset","P_1000_1249_Tot","P"
"57","Wakerley","P_1000_1249_Tot","P"
"58","Wilston","P_1000_1249_Tot","P"
"59","Winston","P_1000_1249_Tot","P"
"60","Aeroglen","P_800_999_Tot","P"
"61","Airlie Beach","P_800_999_Tot","P"
"62","Albion (Brisbane - Qld)","P_800_999_Tot","P"
"63","Alderley","P_800_999_Tot","P"
"64","Alice River","P_800_999_Tot","P"
"65","Alligator Creek (Townsville - Qld)","P_800_999_Tot","P"
"66","Anstead","P_800_999_Tot","P"
"67","Arana Hills","P_800_999_Tot","P"
"68","Arcadia Valley","P_800_999_Tot","P"
"69","Arcturus","P_800_999_Tot","P"
"70","Ashgrove","P_800_999_Tot","P"
"71","Auchenflower","P_800_999_Tot","P"
"72","Balnagowan","P_800_999_Tot","P"
"73","Banks Pocket","P_800_999_Tot","P"
"74","Bedourie","P_800_999_Tot","P"
"75","Belgian Gardens","P_800_999_Tot","P"
"76","Belivah","P_800_999_Tot","P"
"77","Belmont (Qld)","P_800_999_Tot","P"
"78","Birnam (Scenic Rim - Qld)","P_800_999_Tot","P"
"79","Birtinya","P_800_999_Tot","P"
"80","Blue Mountain Heights","P_800_999_Tot","P"
"81","Bluff","P_800_999_Tot","P"
"82","Bogie","P_800_999_Tot","P"
"83","Bohle Plains","P_800_999_Tot","P"
"84","Bowen Hills","P_800_999_Tot","P"
"85","Boynewood","P_800_999_Tot","P"
"86","Bridgeman Downs","P_800_999_Tot","P"
"87","Brinsmead","P_800_999_Tot","P"
"88","Brookfield (Qld)","P_800_999_Tot","P"
"89","Bunya","P_800_999_Tot","P"
"90","Burdell","P_800_999_Tot","P"
"91","Burua","P_800_999_Tot","P"
"92","Bushland Beach","P_800_999_Tot","P"
"93","Cabarlah","P_800_999_Tot","P"
"94","Cannon Hill","P_800_999_Tot","P"
"95","Cannon Valley","P_800_999_Tot","P"
"96","Carina (Qld)","P_800_999_Tot","P"
"97","Carina Heights","P_800_999_Tot","P"
"98","Cashmere","P_800_999_Tot","P"
"99","Cawdor (Qld)","P_800_999_Tot","P"
"100","Cedar Creek (Moreton Bay - Qld)","P_800_999_Tot","P"
"101","Chapel Hill (Qld)","P_800_999_Tot","P"
"102","Chelmer","P_800_999_Tot","P"
"103","Clayfield","P_800_999_Tot","P"
"104","Condamine Plains","P_800_999_Tot","P"
"105","Coorparoo","P_800_999_Tot","P"
"106","Coral Sea","P_800_999_Tot","P"
"107","Crossroads","P_800_999_Tot","P"
"108","Dakenba","P_800_999_Tot","P"
"109","Dalbeg","P_800_999_Tot","P"
"110","Dargal Road","P_800_999_Tot","P"
"111","Deebing Heights","P_800_999_Tot","P"
"112","Draper","P_800_999_Tot","P"
"113","East Brisbane","P_800_999_Tot","P"
"114","East Toowoomba","P_800_999_Tot","P"
"115","Eatons Hill","P_800_999_Tot","P"
"116","Eimeo","P_800_999_Tot","P"
"117","Emerald (Qld)","P_800_999_Tot","P"
"118","Enoggera","P_800_999_Tot","P"
"119","Erakala","P_800_999_Tot","P"
"120","Eumamurrin","P_800_999_Tot","P"
"121","Eurombah","P_800_999_Tot","P"
"122","Euthulla","P_800_999_Tot","P"
"123","Everton Hills","P_800_999_Tot","P"
"124","Everton Park","P_800_999_Tot","P"
"125","Ferny Grove","P_800_999_Tot","P"
"126","Fortitude Valley","P_800_999_Tot","P"
"127","Freshwater (Qld)","P_800_999_Tot","P"
"128","Freshwater Point","P_800_999_Tot","P"
"129","Gaythorne","P_800_999_Tot","P"
"130","Gindie","P_800_999_Tot","P"
"131","Glen Eden","P_800_999_Tot","P"
"132","Glenella","P_800_999_Tot","P"
"133","Goldsborough (Qld)","P_800_999_Tot","P"
"134","Gordon Park","P_800_999_Tot","P"
"135","Graceville","P_800_999_Tot","P"
"136","Greenslopes","P_800_999_Tot","P"
"137","Griffin","P_800_999_Tot","P"
"138","Groomsville","P_800_999_Tot","P"
"139","Gumdale","P_800_999_Tot","P"
"140","Happy Valley (Qld)","P_800_999_Tot","P"
"141","Heathwood","P_800_999_Tot","P"
"142","Hendra","P_800_999_Tot","P"
"143","Highvale","P_800_999_Tot","P"
"144","Hodgson Vale","P_800_999_Tot","P"
"145","Holland Park","P_800_999_Tot","P"
"146","Holland Park West","P_800_999_Tot","P"
"147","Homebush (Qld)","P_800_999_Tot","P"
"148","Jollys Lookout","P_800_999_Tot","P"
"149","Jubilee Heights","P_800_999_Tot","P"
"150","Jundah","P_800_999_Tot","P"
"151","Kalinga","P_800_999_Tot","P"
"152","Kamerunga","P_800_999_Tot","P"
"153","Kangaroo Point (Qld)","P_800_999_Tot","P"
"154","Kanimbla (Qld)","P_800_999_Tot","P"
"155","Karalee","P_800_999_Tot","P"
"156","Karana Downs","P_800_999_Tot","P"
"157","Kedron","P_800_999_Tot","P"
"158","Kenmore","P_800_999_Tot","P"
"159","Killaloe","P_800_999_Tot","P"
"160","Kirkwood","P_800_999_Tot","P"
"161","Kleinton","P_800_999_Tot","P"
"162","Kobble Creek","P_800_999_Tot","P"
"163","Kokotungo","P_800_999_Tot","P"
"164","Lanefield","P_800_999_Tot","P"
"165","Lonesome Creek","P_800_999_Tot","P"
"166","Lundavra","P_800_999_Tot","P"
"167","Luscombe","P_800_999_Tot","P"
"168","Lutwyche","P_800_999_Tot","P"
"169","Mackenzie (Brisbane - Qld)","P_800_999_Tot","P"
"170","Main Beach","P_800_999_Tot","P"
"171","Mango Hill","P_800_999_Tot","P"
"172","Manly (Qld)","P_800_999_Tot","P"
"173","Maudsland","P_800_999_Tot","P"
"174","McDowall","P_800_999_Tot","P"
"175","Menzies (Qld)","P_800_999_Tot","P"
"176","Mermaid Beach","P_800_999_Tot","P"
"177","Middle Ridge","P_800_999_Tot","P"
"178","Milton (Qld)","P_800_999_Tot","P"
"179","Mitchelton","P_800_999_Tot","P"
"180","Moggill","P_800_999_Tot","P"
"181","Mona Park","P_800_999_Tot","P"
"182","Moreton Island","P_800_999_Tot","P"
"183","Morningside","P_800_999_Tot","P"
"184","Mornington (Qld)","P_800_999_Tot","P"
"185","Mount Abundance","P_800_999_Tot","P"
"186","Mount Cotton","P_800_999_Tot","P"
"187","Mount Crosby","P_800_999_Tot","P"
"188","Mount Isa","P_800_999_Tot","P"
"189","Mount Kynoch","P_800_999_Tot","P"
"190","Mount Lofty","P_800_999_Tot","P"
"191","Mount Louisa","P_800_999_Tot","P"
"192","Mount Low","P_800_999_Tot","P"
"193","Mount Ommaney","P_800_999_Tot","P"
"194","Mount Pelion","P_800_999_Tot","P"
"195","Mount Rascal","P_800_999_Tot","P"
"196","Mount Samson","P_800_999_Tot","P"
"197","Mount Tabor","P_800_999_Tot","P"
"198","Moura","P_800_999_Tot","P"
"199","Munbura","P_800_999_Tot","P"
"200","Mungabunda","P_800_999_Tot","P"
"201","Murarrie","P_800_999_Tot","P"
"202","Nankin","P_800_999_Tot","P"
"203","Nebo","P_800_999_Tot","P"
"204","New Beith","P_800_999_Tot","P"
"205","Newmarket","P_800_999_Tot","P"
"206","Nindaroo","P_800_999_Tot","P"
"207","North Ward","P_800_999_Tot","P"
"208","Northgate (Qld)","P_800_999_Tot","P"
"209","Nudgee","P_800_999_Tot","P"
"210","Nudgee Beach","P_800_999_Tot","P"
"211","Nundah","P_800_999_Tot","P"
"212","Ooralea","P_800_999_Tot","P"
"213","Orange Creek","P_800_999_Tot","P"
"214","Orion","P_800_999_Tot","P"
"215","Ormeau Hills","P_800_999_Tot","P"
"216","Packers Camp","P_800_999_Tot","P"
"217","Pallarenda","P_800_999_Tot","P"
"218","Petrie Terrace","P_800_999_Tot","P"
"219","Preston (Toowoomba - Qld)","P_800_999_Tot","P"
"220","Priestdale","P_800_999_Tot","P"
"221","Prospect (Qld)","P_800_999_Tot","P"
"222","Pullenvale","P_800_999_Tot","P"
"223","Racecourse","P_800_999_Tot","P"
"224","Ramsay (Qld)","P_800_999_Tot","P"
"225","Ranges Bridge","P_800_999_Tot","P"
"226","Red Hill (Brisbane - Qld)","P_800_999_Tot","P"
"227","Redlynch","P_800_999_Tot","P"
"228","Redwood","P_800_999_Tot","P"
"229","Riverhills","P_800_999_Tot","P"
"230","Rockyview","P_800_999_Tot","P"
"231","Rolleston","P_800_999_Tot","P"
"232","Roma","P_800_999_Tot","P"
"233","Rural View","P_800_999_Tot","P"
"234","Rush Creek","P_800_999_Tot","P"
"235","Samford Valley","P_800_999_Tot","P"
"236","Samsonvale","P_800_999_Tot","P"
"237","Seven Hills (Qld)","P_800_999_Tot","P"
"238","Seventeen Mile Rocks","P_800_999_Tot","P"
"239","Shaw","P_800_999_Tot","P"
"240","Sherwood (Qld)","P_800_999_Tot","P"
"241","Shoal Point","P_800_999_Tot","P"
"242","Shute Harbour","P_800_999_Tot","P"
"243","Silver Ridge","P_800_999_Tot","P"
"244","Sinnamon Park","P_800_999_Tot","P"
"245","South Ripley","P_800_999_Tot","P"
"246","Springfield Lakes","P_800_999_Tot","P"
"247","Stratford (Qld)","P_800_999_Tot","P"
"248","Sumner","P_800_999_Tot","P"
"249","Sunnyside (Qld)","P_800_999_Tot","P"
"250","Tarragindi","P_800_999_Tot","P"
"251","Thargomindah","P_800_999_Tot","P"
"252","The Gap (Brisbane - Qld)","P_800_999_Tot","P"
"253","The Gap (Mount Isa - Qld)","P_800_999_Tot","P"
"254","Toll","P_800_999_Tot","P"
"255","Toobeah","P_800_999_Tot","P"
"256","Townsville City","P_800_999_Tot","P"
"257","Townview","P_800_999_Tot","P"
"258","Upper Brookfield","P_800_999_Tot","P"
"259","Upper Kedron","P_800_999_Tot","P"
"260","Valkyrie","P_800_999_Tot","P"
"261","Virginia (Qld)","P_800_999_Tot","P"
"262","Wandoan","P_800_999_Tot","P"
"263","Ward","P_800_999_Tot","P"
"264","Warner","P_800_999_Tot","P"
"265","Warra","P_800_999_Tot","P"
"266","Washpool (Qld)","P_800_999_Tot","P"
"267","Wattle Grove (Qld)","P_800_999_Tot","P"
"268","Wavell Heights","P_800_999_Tot","P"
"269","West End (Brisbane - Qld)","P_800_999_Tot","P"
"270","West Prairie","P_800_999_Tot","P"
"271","Westbrook (Qld)","P_800_999_Tot","P"
"272","Westlake","P_800_999_Tot","P"
"273","Whitsundays","P_800_999_Tot","P"
"274","Whyanbeel","P_800_999_Tot","P"
"275","Wights Mountain","P_800_999_Tot","P"
"276","Windorah","P_800_999_Tot","P"
"277","Windsor (Qld)","P_800_999_Tot","P"
"278","Woodhill (Qld)","P_800_999_Tot","P"
"279","Woodwark","P_800_999_Tot","P"
"280","Wooloowin","P_800_999_Tot","P"
"281","Yarrabilba","P_800_999_Tot","P"
"282","Yeerongpilly","P_800_999_Tot","P"
"283","Yeronga","P_800_999_Tot","P"
"284","Advancetown","P_650_799_Tot","P"
"285","Airdmillan","P_650_799_Tot","P"
"286","Airville","P_650_799_Tot","P"
"287","Alabama Hill","P_650_799_Tot","P"
"288","Albany Creek","P_650_799_Tot","P"
"289","Alexandra (Qld)","P_650_799_Tot","P"
"290","Alexandra Headland","P_650_799_Tot","P"
"291","Alexandra Hills","P_650_799_Tot","P"
"292","Algester","P_650_799_Tot","P"
"293","Alligator Creek (Mackay - Qld)","P_650_799_Tot","P"
"294","Aloomba","P_650_799_Tot","P"
"295","Alpha","P_650_799_Tot","P"
"296","Alton Downs","P_650_799_Tot","P"
"297","Andergrove","P_650_799_Tot","P"
"298","Annandale (Qld)","P_650_799_Tot","P"
"299","Annerley","P_650_799_Tot","P"
"300","Aramac","P_650_799_Tot","P"
"301","Argoon (Qld)","P_650_799_Tot","P"
"302","Armstrong Creek (Qld)","P_650_799_Tot","P"
"303","Arriga","P_650_799_Tot","P"
"304","Ashfield (Qld)","P_650_799_Tot","P"
"305","Aspley","P_650_799_Tot","P"
"306","Athol","P_650_799_Tot","P"
"307","Aubigny","P_650_799_Tot","P"
"308","Back Plains","P_650_799_Tot","P"
"309","Bahrs Scrub","P_650_799_Tot","P"
"310","Bakers Creek (Qld)","P_650_799_Tot","P"
"311","Baking Board","P_650_799_Tot","P"
"312","Bald Hills (Qld)","P_650_799_Tot","P"
"313","Bamboo","P_650_799_Tot","P"
"314","Bamboo Creek","P_650_799_Tot","P"
"315","Banana","P_650_799_Tot","P"
"316","Bangalee (Qld)","P_650_799_Tot","P"
"317","Bannockburn (Qld)","P_650_799_Tot","P"
"318","Banyo","P_650_799_Tot","P"
"319","Barcaldine","P_650_799_Tot","P"
"320","Barellan Point","P_650_799_Tot","P"
"321","Barlows Hill","P_650_799_Tot","P"
"322","Barmaryee","P_650_799_Tot","P"
"323","Bayview Heights","P_650_799_Tot","P"
"324","Beaconsfield (Qld)","P_650_799_Tot","P"
"325","Beecher","P_650_799_Tot","P"
"326","Bellbird Park","P_650_799_Tot","P"
"327","Bellbowrie","P_650_799_Tot","P"
"328","Bemerside","P_650_799_Tot","P"
"329","Benaraby","P_650_799_Tot","P"
"330","Benowa","P_650_799_Tot","P"
"331","Bentley Park","P_650_799_Tot","P"
"332","Berat","P_650_799_Tot","P"
"333","Berrinba","P_650_799_Tot","P"
"334","Biddeston","P_650_799_Tot","P"
"335","Billa Billa","P_650_799_Tot","P"
"336","Biloela","P_650_799_Tot","P"
"337","Birdsville","P_650_799_Tot","P"
"338","Birkalla","P_650_799_Tot","P"
"339","Birkdale","P_650_799_Tot","P"
"340","Black River (Qld)","P_650_799_Tot","P"
"341","Blacks Beach","P_650_799_Tot","P"
"342","Blantyre","P_650_799_Tot","P"
"343","Blue Mountain","P_650_799_Tot","P"
"344","Bluewater","P_650_799_Tot","P"
"345","Bluewater Park","P_650_799_Tot","P"
"346","Bohle","P_650_799_Tot","P"
"347","Bokarina","P_650_799_Tot","P"
"348","Bonnie Doon (Qld)","P_650_799_Tot","P"
"349","Bonogin","P_650_799_Tot","P"
"350","Boondall","P_650_799_Tot","P"
"351","Bouldercombe","P_650_799_Tot","P"
"352","Boulia","P_650_799_Tot","P"
"353","Bowenville","P_650_799_Tot","P"
"354","Boyland","P_650_799_Tot","P"
"355","Boyne Island","P_650_799_Tot","P"
"356","Bracken Ridge","P_650_799_Tot","P"
"357","Braemeadows","P_650_799_Tot","P"
"358","Brandon","P_650_799_Tot","P"
"359","Brandy Creek (Qld)","P_650_799_Tot","P"
"360","Bray Park (Qld)","P_650_799_Tot","P"
"361","Brendale","P_650_799_Tot","P"
"362","Brightly","P_650_799_Tot","P"
"363","Brighton (Qld)","P_650_799_Tot","P"
"364","Brisbane City","P_650_799_Tot","P"
"365","Broadbeach","P_650_799_Tot","P"
"366","Broadbeach Waters","P_650_799_Tot","P"
"367","Brookhill","P_650_799_Tot","P"
"368","Brookstead","P_650_799_Tot","P"
"369","Bucasia","P_650_799_Tot","P"
"370","Buccan","P_650_799_Tot","P"
"371","Buddina","P_650_799_Tot","P"
"372","Buderim","P_650_799_Tot","P"
"373","Bulgun","P_650_799_Tot","P"
"374","Bundall","P_650_799_Tot","P"
"375","Bunjurgen","P_650_799_Tot","P"
"376","Bunya Creek","P_650_799_Tot","P"
"377","Burbank","P_650_799_Tot","P"
"378","Burketown","P_650_799_Tot","P"
"379","Burleigh Heads","P_650_799_Tot","P"
"380","Burleigh Waters","P_650_799_Tot","P"
"381","Burncluith","P_650_799_Tot","P"
"382","Cairdbeign","P_650_799_Tot","P"
"383","Cairns City","P_650_799_Tot","P"
"384","Cairns North","P_650_799_Tot","P"
"385","Calamvale","P_650_799_Tot","P"
"386","Calliope (Qld)","P_650_799_Tot","P"
"387","Cambooya","P_650_799_Tot","P"
"388","Camira (Qld)","P_650_799_Tot","P"
"389","Camooweal","P_650_799_Tot","P"
"390","Camp Mountain","P_650_799_Tot","P"
"391","Campwin Beach","P_650_799_Tot","P"
"392","Cannonvale","P_650_799_Tot","P"
"393","Canungra","P_650_799_Tot","P"
"394","Capalaba","P_650_799_Tot","P"
"395","Capella","P_650_799_Tot","P"
"396","Caravonica","P_650_799_Tot","P"
"397","Carindale","P_650_799_Tot","P"
"398","Carpendale","P_650_799_Tot","P"
"399","Carrara","P_650_799_Tot","P"
"400","Carrington (Qld)","P_650_799_Tot","P"
"401","Carseldine","P_650_799_Tot","P"
"402","Carstairs","P_650_799_Tot","P"
"403","Carters Ridge","P_650_799_Tot","P"
"404","Castaways Beach","P_650_799_Tot","P"
"405","Cedar Creek (Gold Coast - Qld)","P_650_799_Tot","P"
"406","Cedar Grove","P_650_799_Tot","P"
"407","Cedar Vale","P_650_799_Tot","P"
"408","Chambers Flat","P_650_799_Tot","P"
"409","Chances Plain","P_650_799_Tot","P"
"410","Chandler (Qld)","P_650_799_Tot","P"
"411","Charleville","P_650_799_Tot","P"
"412","Chelona","P_650_799_Tot","P"
"413","Chermside","P_650_799_Tot","P"
"414","Chermside West","P_650_799_Tot","P"
"415","Chinchilla","P_650_799_Tot","P"
"416","Chuwar","P_650_799_Tot","P"
"417","Clagiraba","P_650_799_Tot","P"
"418","Clear Mountain","P_650_799_Tot","P"
"419","Clermont","P_650_799_Tot","P"
"420","Cleveland (Qld)","P_650_799_Tot","P"
"421","Clifton Beach (Qld)","P_650_799_Tot","P"
"422","Clinton (Qld)","P_650_799_Tot","P"
"423","Closeburn","P_650_799_Tot","P"
"424","Cluden","P_650_799_Tot","P"
"425","Coleyville","P_650_799_Tot","P"
"426","Collingwood Park (Qld)","P_650_799_Tot","P"
"427","Cona Creek","P_650_799_Tot","P"
"428","Condamine","P_650_799_Tot","P"
"429","Cooee Bay","P_650_799_Tot","P"
"430","Coolana","P_650_799_Tot","P"
"431","Coomera","P_650_799_Tot","P"
"432","Coorooman","P_650_799_Tot","P"
"433","Corfield","P_650_799_Tot","P"
"434","Corinda","P_650_799_Tot","P"
"435","Coringa","P_650_799_Tot","P"
"436","Cornubia","P_650_799_Tot","P"
"437","Cosgrove (Qld)","P_650_799_Tot","P"
"438","Cotswold Hills","P_650_799_Tot","P"
"439","Coulson","P_650_799_Tot","P"
"440","Cowley","P_650_799_Tot","P"
"441","Craiglie","P_650_799_Tot","P"
"442","Currajah","P_650_799_Tot","P"
"443","Currumbin","P_650_799_Tot","P"
"444","D'Aguilar","P_650_799_Tot","P"
"445","Daisy Hill (Qld)","P_650_799_Tot","P"
"446","Dakabin","P_650_799_Tot","P"
"447","Dalby","P_650_799_Tot","P"
"448","Dalma","P_650_799_Tot","P"
"449","Dalrymple Creek","P_650_799_Tot","P"
"450","Darlington (Qld)","P_650_799_Tot","P"
"451","Dayboro","P_650_799_Tot","P"
"452","Deagon","P_650_799_Tot","P"
"453","Deeragun","P_650_799_Tot","P"
"454","Derri Derra","P_650_799_Tot","P"
"455","Dingo","P_650_799_Tot","P"
"456","Dingo Pocket","P_650_799_Tot","P"
"457","Doolandella","P_650_799_Tot","P"
"458","Drewvale","P_650_799_Tot","P"
"459","Duaringa","P_650_799_Tot","P"
"460","Dulacca","P_650_799_Tot","P"
"461","Dulong","P_650_799_Tot","P"
"462","Dumbleton","P_650_799_Tot","P"
"463","East Barron","P_650_799_Tot","P"
"464","East Mackay","P_650_799_Tot","P"
"465","East Trinity","P_650_799_Tot","P"
"466","Edens Landing","P_650_799_Tot","P"
"467","Edge Hill","P_650_799_Tot","P"
"468","Edmonton","P_650_799_Tot","P"
"469","Elliott (Qld)","P_650_799_Tot","P"
"470","Eromanga","P_650_799_Tot","P"
"471","Etna Creek","P_650_799_Tot","P"
"472","Eton","P_650_799_Tot","P"
"473","Etty Bay","P_650_799_Tot","P"
"474","Eubenangee","P_650_799_Tot","P"
"475","Euramo","P_650_799_Tot","P"
"476","Fairfield (Qld)","P_650_799_Tot","P"
"477","Farleigh","P_650_799_Tot","P"
"478","Farnsfield","P_650_799_Tot","P"
"479","Feluga","P_650_799_Tot","P"
"480","Ferny Hills","P_650_799_Tot","P"
"481","Fitzgibbon","P_650_799_Tot","P"
"482","Flagstone Creek","P_650_799_Tot","P"
"483","Flinders View","P_650_799_Tot","P"
"484","Forest Glen (Qld)","P_650_799_Tot","P"
"485","Forest Lake","P_650_799_Tot","P"
"486","Forestdale","P_650_799_Tot","P"
"487","Formartin","P_650_799_Tot","P"
"488","Fraser Island","P_650_799_Tot","P"
"489","Frenchville","P_650_799_Tot","P"
"490","Garnant","P_650_799_Tot","P"
"491","Geebung","P_650_799_Tot","P"
"492","Gilston","P_650_799_Tot","P"
"493","Gladstone Central","P_650_799_Tot","P"
"494","Glendale (Qld)","P_650_799_Tot","P"
"495","Glenlee (Qld)","P_650_799_Tot","P"
"496","Glenmorgan","P_650_799_Tot","P"
"497","Glenrae","P_650_799_Tot","P"
"498","Glenvale","P_650_799_Tot","P"
"499","Gogango","P_650_799_Tot","P"
"500","Gooburrum","P_650_799_Tot","P"
"501","Goondiwindi","P_650_799_Tot","P"
"502","Gordonbrook","P_650_799_Tot","P"
"503","Gordonvale","P_650_799_Tot","P"
"504","Gowrie Junction","P_650_799_Tot","P"
"505","Gowrie Mountain","P_650_799_Tot","P"
"506","Gracemere","P_650_799_Tot","P"
"507","Grasstree Beach","P_650_799_Tot","P"
"508","Green Hill","P_650_799_Tot","P"
"509","Greenbank","P_650_799_Tot","P"
"510","Greenmount (Mackay - Qld)","P_650_799_Tot","P"
"511","Greenmount (Toowoomba - Qld)","P_650_799_Tot","P"
"512","Guanaba","P_650_799_Tot","P"
"513","Gumlow","P_650_799_Tot","P"
"514","Gumlu","P_650_799_Tot","P"
"515","Guthalungra","P_650_799_Tot","P"
"516","Habana","P_650_799_Tot","P"
"517","Haigslea","P_650_799_Tot","P"
"518","Hay Point","P_650_799_Tot","P"
"519","Helensvale","P_650_799_Tot","P"
"520","Hemmant","P_650_799_Tot","P"
"521","Heritage Park","P_650_799_Tot","P"
"522","Hermit Park","P_650_799_Tot","P"
"523","Hervey Range","P_650_799_Tot","P"
"524","Hidden Valley (Qld)","P_650_799_Tot","P"
"525","Highfields (Qld)","P_650_799_Tot","P"
"526","Highgate Hill","P_650_799_Tot","P"
"527","Highworth","P_650_799_Tot","P"
"528","Hillcrest (Qld)","P_650_799_Tot","P"
"529","Holloways Beach","P_650_799_Tot","P"
"530","Hollywell","P_650_799_Tot","P"
"531","Holmview","P_650_799_Tot","P"
"532","Hope Island","P_650_799_Tot","P"
"533","Hopeland (Qld)","P_650_799_Tot","P"
"534","Hoya","P_650_799_Tot","P"
"535","Hyde Park (Qld)","P_650_799_Tot","P"
"536","Ilfracombe","P_650_799_Tot","P"
"537","Ilkley","P_650_799_Tot","P"
"538","Indooroopilly","P_650_799_Tot","P"
"539","Inglestone","P_650_799_Tot","P"
"540","Injune","P_650_799_Tot","P"
"541","Innisplain","P_650_799_Tot","P"
"542","Ironbark (Qld)","P_650_799_Tot","P"
"543","Irongate","P_650_799_Tot","P"
"544","Ironpot (Livingstone - Qld)","P_650_799_Tot","P"
"545","Irvingdale","P_650_799_Tot","P"
"546","Isla","P_650_799_Tot","P"
"547","Jacobs Well","P_650_799_Tot","P"
"548","Jamboree Heights","P_650_799_Tot","P"
"549","Jarra Creek","P_650_799_Tot","P"
"550","Jarvisfield","P_650_799_Tot","P"
"551","Jensen","P_650_799_Tot","P"
"552","Jimboomba","P_650_799_Tot","P"
"553","Jimbour East","P_650_799_Tot","P"
"554","Jindalee (Qld)","P_650_799_Tot","P"
"555","Joyner","P_650_799_Tot","P"
"556","Jubilee Pocket","P_650_799_Tot","P"
"557","Julia Creek","P_650_799_Tot","P"
"558","Kallangur","P_650_799_Tot","P"
"559","Karrabin","P_650_799_Tot","P"
"560","Kelsey Creek","P_650_799_Tot","P"
"561","Kenmore Hills","P_650_799_Tot","P"
"562","Keperra","P_650_799_Tot","P"
"563","Kerry","P_650_799_Tot","P"
"564","Kewarra Beach","P_650_799_Tot","P"
"565","Kholo","P_650_799_Tot","P"
"566","Kianga (Qld)","P_650_799_Tot","P"
"567","Kilcummin","P_650_799_Tot","P"
"568","Kin Kora","P_650_799_Tot","P"
"569","King Scrub","P_650_799_Tot","P"
"570","Kings Creek","P_650_799_Tot","P"
"571","Kinkuna","P_650_799_Tot","P"
"572","Kirwan","P_650_799_Tot","P"
"573","Koumala","P_650_799_Tot","P"
"574","Kulpi","P_650_799_Tot","P"
"575","Kurwongbah","P_650_799_Tot","P"
"576","Laceys Creek","P_650_799_Tot","P"
"577","Laidley Creek West","P_650_799_Tot","P"
"578","Lake Clarendon","P_650_799_Tot","P"
"579","Lakeland","P_650_799_Tot","P"
"580","Lakes Creek","P_650_799_Tot","P"
"581","Lamington (Qld)","P_650_799_Tot","P"
"582","Lammermoor","P_650_799_Tot","P"
"583","Landers Shoot","P_650_799_Tot","P"
"584","Lawgi Dawes","P_650_799_Tot","P"
"585","Lilydale (Qld)","P_650_799_Tot","P"
"586","Limestone Creek","P_650_799_Tot","P"
"587","Limestone Ridges","P_650_799_Tot","P"
"588","Little Mulgrave","P_650_799_Tot","P"
"589","Logan Reserve","P_650_799_Tot","P"
"590","Logan Village","P_650_799_Tot","P"
"591","Loganholme","P_650_799_Tot","P"
"592","Long Pocket","P_650_799_Tot","P"
"593","Longreach (Qld)","P_650_799_Tot","P"
"594","Lota","P_650_799_Tot","P"
"595","Lotus Creek","P_650_799_Tot","P"
"596","Lower Beechmont","P_650_799_Tot","P"
"597","Macalister","P_650_799_Tot","P"
"598","Machans Beach","P_650_799_Tot","P"
"599","Majors Creek (Qld)","P_650_799_Tot","P"
"600","Mandalay","P_650_799_Tot","P"
"601","Manly West","P_650_799_Tot","P"
"602","Mansfield (Qld)","P_650_799_Tot","P"
"603","Marburg","P_650_799_Tot","P"
"604","Marcoola","P_650_799_Tot","P"
"605","Marcus Beach","P_650_799_Tot","P"
"606","Marian","P_650_799_Tot","P"
"607","Marlborough","P_650_799_Tot","P"
"608","Maroochy River","P_650_799_Tot","P"
"609","Maroon","P_650_799_Tot","P"
"610","Martyville","P_650_799_Tot","P"
"611","McDesme","P_650_799_Tot","P"
"612","Meikleville Hill","P_650_799_Tot","P"
"613","Mena Creek","P_650_799_Tot","P"
"614","Meringandan","P_650_799_Tot","P"
"615","Meringandan West","P_650_799_Tot","P"
"616","Mermaid Waters","P_650_799_Tot","P"
"617","Merrimac","P_650_799_Tot","P"
"618","Merryburn","P_650_799_Tot","P"
"619","Miallo","P_650_799_Tot","P"
"620","Miami","P_650_799_Tot","P"
"621","Middle Park (Qld)","P_650_799_Tot","P"
"622","Miles","P_650_799_Tot","P"
"623","Milford","P_650_799_Tot","P"
"624","Millaroo","P_650_799_Tot","P"
"625","Minyama","P_650_799_Tot","P"
"626","Mirani","P_650_799_Tot","P"
"627","Moffat Beach","P_650_799_Tot","P"
"628","Mons","P_650_799_Tot","P"
"629","Mooloolaba","P_650_799_Tot","P"
"630","Moorina (Qld)","P_650_799_Tot","P"
"631","Mooroobool","P_650_799_Tot","P"
"632","Moorooka","P_650_799_Tot","P"
"633","Morinish","P_650_799_Tot","P"
"634","Mosman Park (Qld)","P_650_799_Tot","P"
"635","Mount Charlton","P_650_799_Tot","P"
"636","Mount Coolum","P_650_799_Tot","P"
"637","Mount French","P_650_799_Tot","P"
"638","Mount Glorious","P_650_799_Tot","P"
"639","Mount Gravatt","P_650_799_Tot","P"
"640","Mount Gravatt East","P_650_799_Tot","P"
"641","Mount Julian","P_650_799_Tot","P"
"642","Mount Kelly","P_650_799_Tot","P"
"643","Mount Kilcoy","P_650_799_Tot","P"
"644","Mount Marlow","P_650_799_Tot","P"
"645","Mount Martin","P_650_799_Tot","P"
"646","Mount Nathan","P_650_799_Tot","P"
"647","Mount Nebo","P_650_799_Tot","P"
"648","Mount Peter","P_650_799_Tot","P"
"649","Mount Pleasant (Mackay - Qld)","P_650_799_Tot","P"
"650","Mount Pleasant (Moreton Bay - Qld)","P_650_799_Tot","P"
"651","Mount Sheridan (Qld)","P_650_799_Tot","P"
"652","Mount Walker (Qld)","P_650_799_Tot","P"
"653","Mountain Creek (Qld)","P_650_799_Tot","P"
"654","Mowbray (Qld)","P_650_799_Tot","P"
"655","Mudgeeraba","P_650_799_Tot","P"
"656","Mudjimba","P_650_799_Tot","P"
"657","Muirlea","P_650_799_Tot","P"
"658","Mulambin","P_650_799_Tot","P"
"659","Munbilla","P_650_799_Tot","P"
"660","Mundoolun","P_650_799_Tot","P"
"661","Mundubbera","P_650_799_Tot","P"
"662","Munruben","P_650_799_Tot","P"
"663","Murrumba Downs","P_650_799_Tot","P"
"664","Mutchilba","P_650_799_Tot","P"
"665","Mysterton","P_650_799_Tot","P"
"666","Nandi","P_650_799_Tot","P"
"667","Narangba","P_650_799_Tot","P"
"668","Neurum","P_650_799_Tot","P"
"669","New Auckland","P_650_799_Tot","P"
"670","New Harbourline","P_650_799_Tot","P"
"671","Newell","P_650_799_Tot","P"
"672","Newport (Qld)","P_650_799_Tot","P"
"673","Newtown (Ipswich - Qld)","P_650_799_Tot","P"
"674","Noosa Heads","P_650_799_Tot","P"
"675","Norman Gardens","P_650_799_Tot","P"
"676","North Lakes","P_650_799_Tot","P"
"677","North Maleny","P_650_799_Tot","P"
"678","North Toowoomba","P_650_799_Tot","P"
"679","Norwell","P_650_799_Tot","P"
"680","Numinbah Valley","P_650_799_Tot","P"
"681","Oak Beach","P_650_799_Tot","P"
"682","Oakenden","P_650_799_Tot","P"
"683","Oakhurst (Qld)","P_650_799_Tot","P"
"684","Oaky Creek","P_650_799_Tot","P"
"685","Ocean View","P_650_799_Tot","P"
"686","Oonoonba","P_650_799_Tot","P"
"687","Ormeau","P_650_799_Tot","P"
"688","Ormiston","P_650_799_Tot","P"
"689","Osborne (Qld)","P_650_799_Tot","P"
"690","Oxenford","P_650_799_Tot","P"
"691","Oxley (Qld)","P_650_799_Tot","P"
"692","Pacific Heights","P_650_799_Tot","P"
"693","Pacific Pines","P_650_799_Tot","P"
"694","Palm Beach (Qld)","P_650_799_Tot","P"
"695","Palm Cove","P_650_799_Tot","P"
"696","Palmview","P_650_799_Tot","P"
"697","Palmyra (Qld)","P_650_799_Tot","P"
"698","Paradise Point","P_650_799_Tot","P"
"699","Parkhurst","P_650_799_Tot","P"
"700","Parkinson","P_650_799_Tot","P"
"701","Parrearra","P_650_799_Tot","P"
"702","Peak Crossing","P_650_799_Tot","P"
"703","Peregian Beach","P_650_799_Tot","P"
"704","Peregian Springs","P_650_799_Tot","P"
"705","Petrie","P_650_799_Tot","P"
"706","Pimpama","P_650_799_Tot","P"
"707","Pimpimbudgee","P_650_799_Tot","P"
"708","Pine Creek (Qld)","P_650_799_Tot","P"
"709","Pine Mountain (Qld)","P_650_799_Tot","P"
"710","Pinjarra Hills","P_650_799_Tot","P"
"711","Pinkenba","P_650_799_Tot","P"
"712","Pioneer (Qld)","P_650_799_Tot","P"
"713","Pirrinuan","P_650_799_Tot","P"
"714","Placid Hills","P_650_799_Tot","P"
"715","Pleystowe","P_650_799_Tot","P"
"716","Point Arkwright","P_650_799_Tot","P"
"717","Point Lookout","P_650_799_Tot","P"
"718","Port Douglas","P_650_799_Tot","P"
"719","Pozieres","P_650_799_Tot","P"
"720","Preston (Whitsunday - Qld)","P_650_799_Tot","P"
"721","Quilpie","P_650_799_Tot","P"
"722","Railway Estate","P_650_799_Tot","P"
"723","Rangeville","P_650_799_Tot","P"
"724","Rangewood","P_650_799_Tot","P"
"725","Ransome","P_650_799_Tot","P"
"726","Redland Bay","P_650_799_Tot","P"
"727","Reedy Creek (Qld)","P_650_799_Tot","P"
"728","Regents Park (Qld)","P_650_799_Tot","P"
"729","Reid River","P_650_799_Tot","P"
"730","Richmond (Richmond - Qld)","P_650_799_Tot","P"
"731","Rifle Range","P_650_799_Tot","P"
"732","Riordanvale","P_650_799_Tot","P"
"733","Ripley","P_650_799_Tot","P"
"734","Rita Island","P_650_799_Tot","P"
"735","Rochedale","P_650_799_Tot","P"
"736","Rochedale South","P_650_799_Tot","P"
"737","Rockingham (Qld)","P_650_799_Tot","P"
"738","Rocksberg","P_650_799_Tot","P"
"739","Rocky Point (Douglas - Qld)","P_650_799_Tot","P"
"740","Rosella","P_650_799_Tot","P"
"741","Rosevale (Qld)","P_650_799_Tot","P"
"742","Rosslea","P_650_799_Tot","P"
"743","Rosslyn","P_650_799_Tot","P"
"744","Runaway Bay","P_650_799_Tot","P"
"745","Salisbury (Qld)","P_650_799_Tot","P"
"746","Samford Village","P_650_799_Tot","P"
"747","Sandiford","P_650_799_Tot","P"
"748","Sarina Beach","P_650_799_Tot","P"
"749","Sarina Range","P_650_799_Tot","P"
"750","Saunders Beach","P_650_799_Tot","P"
"751","Scotchy Pocket","P_650_799_Tot","P"
"752","Scrubby Mountain","P_650_799_Tot","P"
"753","Shailer Park","P_650_799_Tot","P"
"754","Shannonvale","P_650_799_Tot","P"
"755","Sheep Station Creek","P_650_799_Tot","P"
"756","Sheldon","P_650_799_Tot","P"
"757","Shell Pocket","P_650_799_Tot","P"
"758","Shelly Beach (Sunshine Coast - Qld)","P_650_799_Tot","P"
"759","Shorncliffe","P_650_799_Tot","P"
"760","Silverleigh","P_650_799_Tot","P"
"761","Smithfield (Qld)","P_650_799_Tot","P"
"762","South Brisbane","P_650_799_Tot","P"
"763","South Gladstone","P_650_799_Tot","P"
"764","South Maclean","P_650_799_Tot","P"
"765","South Townsville","P_650_799_Tot","P"
"766","Southwood","P_650_799_Tot","P"
"767","Spring Hill (Qld)","P_650_799_Tot","P"
"768","Springfield (Ipswich - Qld)","P_650_799_Tot","P"
"769","Springside (Qld)","P_650_799_Tot","P"
"770","Springsure","P_650_799_Tot","P"
"771","Springwood (Qld)","P_650_799_Tot","P"
"772","St George (Qld)","P_650_799_Tot","P"
"773","St Ruth","P_650_799_Tot","P"
"774","Stafford","P_650_799_Tot","P"
"775","Stafford Heights","P_650_799_Tot","P"
"776","Stoters Hill","P_650_799_Tot","P"
"777","Strathdickie","P_650_799_Tot","P"
"778","Struck Oil","P_650_799_Tot","P"
"779","Sugarloaf (Whitsunday - Qld)","P_650_799_Tot","P"
"780","Sun Valley (Qld)","P_650_799_Tot","P"
"781","Sundown (Cassowary Coast - Qld)","P_650_799_Tot","P"
"782","Sunrise Beach","P_650_799_Tot","P"
"783","Sunshine Beach","P_650_799_Tot","P"
"784","Susan River","P_650_799_Tot","P"
"785","Taigum","P_650_799_Tot","P"
"786","Tallai","P_650_799_Tot","P"
"787","Tallebudgera","P_650_799_Tot","P"
"788","Tallebudgera Valley","P_650_799_Tot","P"
"789","Tallegalla","P_650_799_Tot","P"
"790","Tamborine","P_650_799_Tot","P"
"791","Tanah Merah","P_650_799_Tot","P"
"792","Tanawha","P_650_799_Tot","P"
"793","Tanby","P_650_799_Tot","P"
"794","Tannum Sands","P_650_799_Tot","P"
"795","Taringa","P_650_799_Tot","P"
"796","Taroomball","P_650_799_Tot","P"
"797","Telina","P_650_799_Tot","P"
"798","Thagoona","P_650_799_Tot","P"
"799","Thallon","P_650_799_Tot","P"
"800","Thangool","P_650_799_Tot","P"
"801","The Caves","P_650_799_Tot","P"
"802","The Dawn","P_650_799_Tot","P"
"803","The Leap","P_650_799_Tot","P"
"804","The Range (Qld)","P_650_799_Tot","P"
"805","Thorneside","P_650_799_Tot","P"
"806","Thornlands","P_650_799_Tot","P"
"807","Thuringowa Central","P_650_799_Tot","P"
"808","Thursday Island","P_650_799_Tot","P"
"809","Tingalpa","P_650_799_Tot","P"
"810","Toowong","P_650_799_Tot","P"
"811","Top Camp","P_650_799_Tot","P"
"812","Torrington (Qld)","P_650_799_Tot","P"
"813","Trinity Beach","P_650_799_Tot","P"
"814","Trinity Park","P_650_799_Tot","P"
"815","Tuckerang","P_650_799_Tot","P"
"816","Tugun","P_650_799_Tot","P"
"817","Underwood (Qld)","P_650_799_Tot","P"
"818","Upper Coomera","P_650_799_Tot","P"
"819","Upper Daradgee","P_650_799_Tot","P"
"820","Upper Flagstone","P_650_799_Tot","P"
"821","Upper Stone","P_650_799_Tot","P"
"822","Upper Tenthill","P_650_799_Tot","P"
"823","Vale View","P_650_799_Tot","P"
"824","Valentine Plains","P_650_799_Tot","P"
"825","Varsity Lakes","P_650_799_Tot","P"
"826","Vasa Views","P_650_799_Tot","P"
"827","Veresdale","P_650_799_Tot","P"
"828","Victoria Plains","P_650_799_Tot","P"
"829","Victoria Plantation","P_650_799_Tot","P"
"830","Walkerston","P_650_799_Tot","P"
"831","Walloon","P_650_799_Tot","P"
"832","Wamuran","P_650_799_Tot","P"
"833","Wamuran Basin","P_650_799_Tot","P"
"834","Waterford (Qld)","P_650_799_Tot","P"
"835","Wattlebank","P_650_799_Tot","P"
"836","Wellington Point","P_650_799_Tot","P"
"837","West End (Townsville - Qld)","P_650_799_Tot","P"
"838","West Mackay","P_650_799_Tot","P"
"839","West Stowe","P_650_799_Tot","P"
"840","Whiteside","P_650_799_Tot","P"
"841","Whitfield (Qld)","P_650_799_Tot","P"
"842","Willow Vale (Qld)","P_650_799_Tot","P"
"843","Wilsons Pocket","P_650_799_Tot","P"
"844","Windaroo","P_650_799_Tot","P"
"845","Winton (Qld)","P_650_799_Tot","P"
"846","Wishart (Qld)","P_650_799_Tot","P"
"847","Withcott","P_650_799_Tot","P"
"848","Witheren","P_650_799_Tot","P"
"849","Wondunna","P_650_799_Tot","P"
"850","Wongawallan","P_650_799_Tot","P"
"851","Wonglepong","P_650_799_Tot","P"
"852","Woodmillar","P_650_799_Tot","P"
"853","Woody Point","P_650_799_Tot","P"
"854","Woolloongabba","P_650_799_Tot","P"
"855","Woolmar","P_650_799_Tot","P"
"856","Woopen Creek","P_650_799_Tot","P"
"857","Worongary","P_650_799_Tot","P"
"858","Wrights Creek (Qld)","P_650_799_Tot","P"
"859","Wulkuraka","P_650_799_Tot","P"
"860","Wurdong Heights","P_650_799_Tot","P"
"861","Wynnum","P_650_799_Tot","P"
"862","Wynnum West","P_650_799_Tot","P"
"863","Wyreema","P_650_799_Tot","P"
"864","Yamanto","P_650_799_Tot","P"
"865","Yandina Creek","P_650_799_Tot","P"
"866","Yaroomba","P_650_799_Tot","P"
"867","Yatala","P_650_799_Tot","P"
"868","Yorkeys Knob","P_650_799_Tot","P"
"869","Yugar","P_650_799_Tot","P"
"870","Yuruga","P_650_799_Tot","P"
"871","Zillmere","P_650_799_Tot","P"
"872","Abergowrie","P_500_649_Tot","P"
"873","Adare","P_500_649_Tot","P"
"874","Adelaide Park","P_500_649_Tot","P"
"875","Aitkenvale","P_500_649_Tot","P"
"876","Alberton (Qld)","P_500_649_Tot","P"
"877","Allenstown","P_500_649_Tot","P"
"878","Allenview","P_500_649_Tot","P"
"879","Alloway","P_500_649_Tot","P"
"880","Alva","P_500_649_Tot","P"
"881","Amity","P_500_649_Tot","P"
"882","Anduramba","P_500_649_Tot","P"
"883","Araluen (Qld)","P_500_649_Tot","P"
"884","Aratula (Qld)","P_500_649_Tot","P"
"885","Archerfield","P_500_649_Tot","P"
"886","Armstrong Beach","P_500_649_Tot","P"
"887","Aroona","P_500_649_Tot","P"
"888","Arundel","P_500_649_Tot","P"
"889","Ashmore","P_500_649_Tot","P"
"890","Ashwell","P_500_649_Tot","P"
"891","Atherton","P_500_649_Tot","P"
"892","Austinville","P_500_649_Tot","P"
"893","Avoca (Qld)","P_500_649_Tot","P"
"894","Ayr","P_500_649_Tot","P"
"895","Babinda (Qld)","P_500_649_Tot","P"
"896","Bajool","P_500_649_Tot","P"
"897","Balberra","P_500_649_Tot","P"
"898","Bald Knob","P_500_649_Tot","P"
"899","Ball Bay","P_500_649_Tot","P"
"900","Ballandean","P_500_649_Tot","P"
"901","Ballard","P_500_649_Tot","P"
"902","Balmoral Ridge","P_500_649_Tot","P"
"903","Bamaga","P_500_649_Tot","P"
"904","Bambaroo","P_500_649_Tot","P"
"905","Banksia Beach","P_500_649_Tot","P"
"906","Baralaba","P_500_649_Tot","P"
"907","Bargara","P_500_649_Tot","P"
"908","Barney View","P_500_649_Tot","P"
"909","Barrine","P_500_649_Tot","P"
"910","Basalt (Qld)","P_500_649_Tot","P"
"911","Basin Pocket","P_500_649_Tot","P"
"912","Battery Hill","P_500_649_Tot","P"
"913","Beachmere","P_500_649_Tot","P"
"914","Beebo","P_500_649_Tot","P"
"915","Beechmont","P_500_649_Tot","P"
"916","Beelbi Creek","P_500_649_Tot","P"
"917","Beenleigh","P_500_649_Tot","P"
"918","Beerburrum","P_500_649_Tot","P"
"919","Beerwah","P_500_649_Tot","P"
"920","Bell (Qld)","P_500_649_Tot","P"
"921","Bellenden Ker","P_500_649_Tot","P"
"922","Belli Park","P_500_649_Tot","P"
"923","Bellmere","P_500_649_Tot","P"
"924","Belvedere","P_500_649_Tot","P"
"925","Berserker","P_500_649_Tot","P"
"926","Bethania","P_500_649_Tot","P"
"927","Biboohra","P_500_649_Tot","P"
"928","Biddaddaba","P_500_649_Tot","P"
"929","Bidwill (Qld)","P_500_649_Tot","P"
"930","Biggera Waters","P_500_649_Tot","P"
"931","Bilinga","P_500_649_Tot","P"
"932","Bilyana","P_500_649_Tot","P"
"933","Bingil Bay","P_500_649_Tot","P"
"934","Binjour","P_500_649_Tot","P"
"935","Black Mountain (Qld)","P_500_649_Tot","P"
"936","Blackall","P_500_649_Tot","P"
"937","Blackrock","P_500_649_Tot","P"
"938","Blackstone","P_500_649_Tot","P"
"939","Blanchview","P_500_649_Tot","P"
"940","Blenheim","P_500_649_Tot","P"
"941","Bli Bli","P_500_649_Tot","P"
"942","Bollon","P_500_649_Tot","P"
"943","Bombeeta","P_500_649_Tot","P"
"944","Bondoola","P_500_649_Tot","P"
"945","Boodua","P_500_649_Tot","P"
"946","Boogan","P_500_649_Tot","P"
"947","Booie","P_500_649_Tot","P"
"948","Boonara","P_500_649_Tot","P"
"949","Booroobin","P_500_649_Tot","P"
"950","Booval","P_500_649_Tot","P"
"951","Borallon","P_500_649_Tot","P"
"952","Boronia Heights","P_500_649_Tot","P"
"953","Bowen","P_500_649_Tot","P"
"954","Bracalba","P_500_649_Tot","P"
"955","Branyan","P_500_649_Tot","P"
"956","Brassall","P_500_649_Tot","P"
"957","Breddan","P_500_649_Tot","P"
"958","Bridges","P_500_649_Tot","P"
"959","Brigalow","P_500_649_Tot","P"
"960","Brightview","P_500_649_Tot","P"
"961","Broadwater (Qld)","P_500_649_Tot","P"
"962","Bromelton","P_500_649_Tot","P"
"963","Broughton (Qld)","P_500_649_Tot","P"
"964","Browns Plains (Qld)","P_500_649_Tot","P"
"965","Bundaberg Central","P_500_649_Tot","P"
"966","Bundaberg East","P_500_649_Tot","P"
"967","Bundamba","P_500_649_Tot","P"
"968","Bungalow","P_500_649_Tot","P"
"969","Bungeworgorai","P_500_649_Tot","P"
"970","Bungundarra","P_500_649_Tot","P"
"971","Bunya Mountains","P_500_649_Tot","P"
"972","Burnside (Qld)","P_500_649_Tot","P"
"973","Burpengary","P_500_649_Tot","P"
"974","Burpengary East","P_500_649_Tot","P"
"975","Caboolture","P_500_649_Tot","P"
"976","Calavos","P_500_649_Tot","P"
"977","Calen","P_500_649_Tot","P"
"978","Calico Creek","P_500_649_Tot","P"
"979","Callide","P_500_649_Tot","P"
"980","Caloundra West","P_500_649_Tot","P"
"981","Calvert (Qld)","P_500_649_Tot","P"
"982","Camboon (Qld)","P_500_649_Tot","P"
"983","Camp Creek (Qld)","P_500_649_Tot","P"
"984","Canaga","P_500_649_Tot","P"
"985","Canningvale","P_500_649_Tot","P"
"986","Cannon Creek (Scenic Rim - Qld)","P_500_649_Tot","P"
"987","Cape Cleveland","P_500_649_Tot","P"
"988","Cape Tribulation","P_500_649_Tot","P"
"989","Carbrook","P_500_649_Tot","P"
"990","Carmila","P_500_649_Tot","P"
"991","Carruchan","P_500_649_Tot","P"
"992","Cawarral","P_500_649_Tot","P"
"993","Cecil Plains","P_500_649_Tot","P"
"994","Cedarton","P_500_649_Tot","P"
"995","Centenary Heights","P_500_649_Tot","P"
"996","Charlton (Qld)","P_500_649_Tot","P"
"997","Chelmsford","P_500_649_Tot","P"
"998","Chevallum","P_500_649_Tot","P"
"999","Churchill (Qld)","P_500_649_Tot","P"
"1000","Clare (Qld)","P_500_649_Tot","P"
"1001","Clarendon (Qld)","P_500_649_Tot","P"
"1002","Clear Island Waters","P_500_649_Tot","P"
"1003","Clontarf (Moreton Bay - Qld)","P_500_649_Tot","P"
"1004","Coalfalls","P_500_649_Tot","P"
"1005","Coconuts","P_500_649_Tot","P"
"1006","Coes Creek","P_500_649_Tot","P"
"1007","Collinsville (Qld)","P_500_649_Tot","P"
"1008","Columbia","P_500_649_Tot","P"
"1009","Condon","P_500_649_Tot","P"
"1010","Conway","P_500_649_Tot","P"
"1011","Cooktown","P_500_649_Tot","P"
"1012","Coolabunia","P_500_649_Tot","P"
"1013","Coolangatta (Qld)","P_500_649_Tot","P"
"1014","Coolbie","P_500_649_Tot","P"
"1015","Cooloolabin","P_500_649_Tot","P"
"1016","Coolum Beach","P_500_649_Tot","P"
"1017","Coombabah","P_500_649_Tot","P"
"1018","Coondoo","P_500_649_Tot","P"
"1019","Coopers Plains","P_500_649_Tot","P"
"1020","Cooran","P_500_649_Tot","P"
"1021","Cooroibah","P_500_649_Tot","P"
"1022","Cooroy","P_500_649_Tot","P"
"1023","Cooroy Mountain","P_500_649_Tot","P"
"1024","Coorumba","P_500_649_Tot","P"
"1025","Cootharaba","P_500_649_Tot","P"
"1026","Cooya Beach","P_500_649_Tot","P"
"1027","Coral Cove","P_500_649_Tot","P"
"1028","Cracow","P_500_649_Tot","P"
"1029","Craignish","P_500_649_Tot","P"
"1030","Cranbrook (Qld)","P_500_649_Tot","P"
"1031","Cranley","P_500_649_Tot","P"
"1032","Crawford","P_500_649_Tot","P"
"1033","Crestmead","P_500_649_Tot","P"
"1034","Croftby","P_500_649_Tot","P"
"1035","Crystal Brook (Qld)","P_500_649_Tot","P"
"1036","Cullinane","P_500_649_Tot","P"
"1037","Cunnamulla","P_500_649_Tot","P"
"1038","Currajong","P_500_649_Tot","P"
"1039","Currimundi","P_500_649_Tot","P"
"1040","Currumbin Valley","P_500_649_Tot","P"
"1041","Currumbin Waters","P_500_649_Tot","P"
"1042","Cushnie","P_500_649_Tot","P"
"1043","Dagun","P_500_649_Tot","P"
"1044","Dajarra","P_500_649_Tot","P"
"1045","Dalcouth","P_500_649_Tot","P"
"1046","Daradgee","P_500_649_Tot","P"
"1047","Darling Heights","P_500_649_Tot","P"
"1048","Darra","P_500_649_Tot","P"
"1049","Dauan Island","P_500_649_Tot","P"
"1050","Deception Bay","P_500_649_Tot","P"
"1051","Delaneys Creek","P_500_649_Tot","P"
"1052","Deuchar","P_500_649_Tot","P"
"1053","Devereux Creek","P_500_649_Tot","P"
"1054","Diamond Valley","P_500_649_Tot","P"
"1055","Dicky Beach","P_500_649_Tot","P"
"1056","Diddillibah","P_500_649_Tot","P"
"1057","Dirranbandi","P_500_649_Tot","P"
"1058","Dixalea","P_500_649_Tot","P"
"1059","Doonan","P_500_649_Tot","P"
"1060","Dotswood","P_500_649_Tot","P"
"1061","Douglas (Townsville - Qld)","P_500_649_Tot","P"
"1062","Dows Creek","P_500_649_Tot","P"
"1063","Drayton","P_500_649_Tot","P"
"1064","Dugandan","P_500_649_Tot","P"
"1065","Dundathu","P_500_649_Tot","P"
"1066","Dundowran","P_500_649_Tot","P"
"1067","Dundowran Beach","P_500_649_Tot","P"
"1068","Dunwich","P_500_649_Tot","P"
"1069","Durack (Qld)","P_500_649_Tot","P"
"1070","Dutton Park","P_500_649_Tot","P"
"1071","Eagleby","P_500_649_Tot","P"
"1072","Earlville","P_500_649_Tot","P"
"1073","East Feluga","P_500_649_Tot","P"
"1074","East Greenmount","P_500_649_Tot","P"
"1075","East Innisfail","P_500_649_Tot","P"
"1076","East Ipswich","P_500_649_Tot","P"
"1077","East Palmerston","P_500_649_Tot","P"
"1078","Eastern Heights","P_500_649_Tot","P"
"1079","Ebbw Vale","P_500_649_Tot","P"
"1080","Ebenezer (Qld)","P_500_649_Tot","P"
"1081","Eerwah Vale","P_500_649_Tot","P"
"1082","Eight Mile Plains","P_500_649_Tot","P"
"1083","El Arish","P_500_649_Tot","P"
"1084","Elanora","P_500_649_Tot","P"
"1085","Elbow Valley","P_500_649_Tot","P"
"1086","Electra","P_500_649_Tot","P"
"1087","Elimbah","P_500_649_Tot","P"
"1088","Ellangowan (Qld)","P_500_649_Tot","P"
"1089","Emu Park","P_500_649_Tot","P"
"1090","Eudlo","P_500_649_Tot","P"
"1091","Eulo","P_500_649_Tot","P"
"1092","Eumundi","P_500_649_Tot","P"
"1093","Fairney View","P_500_649_Tot","P"
"1094","Farnborough","P_500_649_Tot","P"
"1095","Fassifern Valley","P_500_649_Tot","P"
"1096","Federal (Qld)","P_500_649_Tot","P"
"1097","Felton","P_500_649_Tot","P"
"1098","Ferney","P_500_649_Tot","P"
"1099","Fernvale (Qld)","P_500_649_Tot","P"
"1100","Fishery Falls","P_500_649_Tot","P"
"1101","Flametree","P_500_649_Tot","P"
"1102","Flaxton","P_500_649_Tot","P"
"1103","Flying Fish Point","P_500_649_Tot","P"
"1104","Forest Creek","P_500_649_Tot","P"
"1105","Foresthome","P_500_649_Tot","P"
"1106","Foxdale","P_500_649_Tot","P"
"1107","Freestone","P_500_649_Tot","P"
"1108","Frenches Creek","P_500_649_Tot","P"
"1109","Garbutt","P_500_649_Tot","P"
"1110","Gargett","P_500_649_Tot","P"
"1111","Garradunga","P_500_649_Tot","P"
"1112","Gatton","P_500_649_Tot","P"
"1113","Gaven","P_500_649_Tot","P"
"1114","Gayndah","P_500_649_Tot","P"
"1115","Geham","P_500_649_Tot","P"
"1116","Georgetown (Qld)","P_500_649_Tot","P"
"1117","Gheerulla","P_500_649_Tot","P"
"1118","Giru","P_500_649_Tot","P"
"1119","Glamorgan Vale","P_500_649_Tot","P"
"1120","Glass House Mountains","P_500_649_Tot","P"
"1121","Glen Allyn","P_500_649_Tot","P"
"1122","Glen Niven","P_500_649_Tot","P"
"1123","Glencoe (Qld)","P_500_649_Tot","P"
"1124","Gleneagle","P_500_649_Tot","P"
"1125","Glenore Grove","P_500_649_Tot","P"
"1126","Glenview","P_500_649_Tot","P"
"1127","Godwin Beach","P_500_649_Tot","P"
"1128","Golden Beach (Qld)","P_500_649_Tot","P"
"1129","Goodna","P_500_649_Tot","P"
"1130","Goomboorian","P_500_649_Tot","P"
"1131","Goombungee","P_500_649_Tot","P"
"1132","Goondi Bend","P_500_649_Tot","P"
"1133","Goovigen","P_500_649_Tot","P"
"1134","Granadilla","P_500_649_Tot","P"
"1135","Grandchester","P_500_649_Tot","P"
"1136","Greens Creek (Qld)","P_500_649_Tot","P"
"1137","Greenvale (Qld)","P_500_649_Tot","P"
"1138","Gregors Creek","P_500_649_Tot","P"
"1139","Gregory River (Whitsunday - Qld)","P_500_649_Tot","P"
"1140","Gulliver","P_500_649_Tot","P"
"1141","Haden","P_500_649_Tot","P"
"1142","Haliday Bay","P_500_649_Tot","P"
"1143","Hamilton Creek","P_500_649_Tot","P"
"1144","Hampden (Qld)","P_500_649_Tot","P"
"1145","Hampton (Qld)","P_500_649_Tot","P"
"1146","Harlaxton","P_500_649_Tot","P"
"1147","Harristown","P_500_649_Tot","P"
"1148","Harrisville","P_500_649_Tot","P"
"1149","Hatton Vale","P_500_649_Tot","P"
"1150","Hawkins Creek","P_500_649_Tot","P"
"1151","Hazeldean","P_500_649_Tot","P"
"1152","Heatley","P_500_649_Tot","P"
"1153","Helidon","P_500_649_Tot","P"
"1154","Helidon Spa","P_500_649_Tot","P"
"1155","Hendon (Qld)","P_500_649_Tot","P"
"1156","Herston","P_500_649_Tot","P"
"1157","Highland Park","P_500_649_Tot","P"
"1158","Home Hill","P_500_649_Tot","P"
"1159","Horn","P_500_649_Tot","P"
"1160","Horseshoe Bay","P_500_649_Tot","P"
"1161","Horseshoe Lagoon","P_500_649_Tot","P"
"1162","Hughenden","P_500_649_Tot","P"
"1163","Hunchy","P_500_649_Tot","P"
"1164","Illinbah","P_500_649_Tot","P"
"1165","Image Flat","P_500_649_Tot","P"
"1166","Ingham","P_500_649_Tot","P"
"1167","Inglewood (Qld)","P_500_649_Tot","P"
"1168","Innes Park","P_500_649_Tot","P"
"1169","Innisfail Estate","P_500_649_Tot","P"
"1170","Inverlaw","P_500_649_Tot","P"
"1171","Iredale","P_500_649_Tot","P"
"1172","Isis Central","P_500_649_Tot","P"
"1173","Island Plantation","P_500_649_Tot","P"
"1174","Iveragh","P_500_649_Tot","P"
"1175","Jaggan","P_500_649_Tot","P"
"1176","Jondaryan","P_500_649_Tot","P"
"1177","Jones Hill","P_500_649_Tot","P"
"1178","Josephville","P_500_649_Tot","P"
"1179","Julago","P_500_649_Tot","P"
"1180","Julatten","P_500_649_Tot","P"
"1181","Junabee","P_500_649_Tot","P"
"1182","Kaban","P_500_649_Tot","P"
"1183","Kabra","P_500_649_Tot","P"
"1184","Kaimkillenbun","P_500_649_Tot","P"
"1185","Kairi","P_500_649_Tot","P"
"1186","Kalbar","P_500_649_Tot","P"
"1187","Kalkie","P_500_649_Tot","P"
"1188","Kalunga","P_500_649_Tot","P"
"1189","Karumba","P_500_649_Tot","P"
"1190","Kawana","P_500_649_Tot","P"
"1191","Kearneys Spring","P_500_649_Tot","P"
"1192","Kelso (Qld)","P_500_649_Tot","P"
"1193","Kelvin Grove","P_500_649_Tot","P"
"1194","Kenilworth","P_500_649_Tot","P"
"1195","Kensington Grove","P_500_649_Tot","P"
"1196","Kentville","P_500_649_Tot","P"
"1197","Kiamba","P_500_649_Tot","P"
"1198","Kidaman Creek","P_500_649_Tot","P"
"1199","Kiels Mountain","P_500_649_Tot","P"
"1200","Kilcoy","P_500_649_Tot","P"
"1201","Kinchant Dam","P_500_649_Tot","P"
"1202","Kingaroy","P_500_649_Tot","P"
"1203","Kings Beach","P_500_649_Tot","P"
"1204","Kingsholme","P_500_649_Tot","P"
"1205","Kingsthorpe","P_500_649_Tot","P"
"1206","Kippa-Ring","P_500_649_Tot","P"
"1207","Koah","P_500_649_Tot","P"
"1208","Koongal","P_500_649_Tot","P"
"1209","Kulangoor","P_500_649_Tot","P"
"1210","Kuluin","P_500_649_Tot","P"
"1211","Kuraby","P_500_649_Tot","P"
"1212","Kuranda","P_500_649_Tot","P"
"1213","Kureelpa","P_500_649_Tot","P"
"1214","Kureen","P_500_649_Tot","P"
"1215","Kurrimine Beach","P_500_649_Tot","P"
"1216","Kuttabul","P_500_649_Tot","P"
"1217","Labrador","P_500_649_Tot","P"
"1218","Lagoon Pocket","P_500_649_Tot","P"
"1219","Laidley South","P_500_649_Tot","P"
"1220","Lake Barrine","P_500_649_Tot","P"
"1221","Lake Eacham","P_500_649_Tot","P"
"1222","Lake Macdonald","P_500_649_Tot","P"
"1223","Landsborough (Qld)","P_500_649_Tot","P"
"1224","Langshaw","P_500_649_Tot","P"
"1225","Laravale","P_500_649_Tot","P"
"1226","Lawnton","P_500_649_Tot","P"
"1227","Leslie Dam","P_500_649_Tot","P"
"1228","Linthorpe","P_500_649_Tot","P"
"1229","Little Mountain","P_500_649_Tot","P"
"1230","Loch Lomond","P_500_649_Tot","P"
"1231","Lockyer (Qld)","P_500_649_Tot","P"
"1232","Loganlea","P_500_649_Tot","P"
"1233","Lower Daintree","P_500_649_Tot","P"
"1234","Lower Mount Walker","P_500_649_Tot","P"
"1235","Lower Tenthill","P_500_649_Tot","P"
"1236","Lower Wonga","P_500_649_Tot","P"
"1237","Ma Ma Creek","P_500_649_Tot","P"
"1238","Machine Creek","P_500_649_Tot","P"
"1239","Mackay","P_500_649_Tot","P"
"1240","Macknade","P_500_649_Tot","P"
"1241","Maclagan","P_500_649_Tot","P"
"1242","Magnolia","P_500_649_Tot","P"
"1243","Maleny","P_500_649_Tot","P"
"1244","Mannuem","P_500_649_Tot","P"
"1245","Manoora (Qld)","P_500_649_Tot","P"
"1246","Manunda","P_500_649_Tot","P"
"1247","Mapleton","P_500_649_Tot","P"
"1248","Mareeba","P_500_649_Tot","P"
"1249","Margate (Qld)","P_500_649_Tot","P"
"1250","Maria Creeks","P_500_649_Tot","P"
"1251","Maroochydore","P_500_649_Tot","P"
"1252","Marsden","P_500_649_Tot","P"
"1253","McEwens Beach","P_500_649_Tot","P"
"1254","Meadowbrook","P_500_649_Tot","P"
"1255","Meldale","P_500_649_Tot","P"
"1256","Memerambi","P_500_649_Tot","P"
"1257","Meridan Plains","P_500_649_Tot","P"
"1258","Merlwood","P_500_649_Tot","P"
"1259","Merritts Creek","P_500_649_Tot","P"
"1260","Mia Mia (Qld)","P_500_649_Tot","P"
"1261","Mighell","P_500_649_Tot","P"
"1262","Millchester","P_500_649_Tot","P"
"1263","Millmerran","P_500_649_Tot","P"
"1264","Milora","P_500_649_Tot","P"
"1265","Minden","P_500_649_Tot","P"
"1266","Mirriwinni","P_500_649_Tot","P"
"1267","Mission Beach","P_500_649_Tot","P"
"1268","Mitchell (Qld)","P_500_649_Tot","P"
"1269","Moffatdale","P_500_649_Tot","P"
"1270","Molendinar","P_500_649_Tot","P"
"1271","Montville","P_500_649_Tot","P"
"1272","Moodlu","P_500_649_Tot","P"
"1273","Moola","P_500_649_Tot","P"
"1274","Mooloo","P_500_649_Tot","P"
"1275","Mooloolah Valley","P_500_649_Tot","P"
"1276","Moomin","P_500_649_Tot","P"
"1277","Moonie","P_500_649_Tot","P"
"1278","Moorland (Qld)","P_500_649_Tot","P"
"1279","Morayfield","P_500_649_Tot","P"
"1280","Moresby (Qld)","P_500_649_Tot","P"
"1281","Morgan Park","P_500_649_Tot","P"
"1282","Mossman","P_500_649_Tot","P"
"1283","Mount Alford","P_500_649_Tot","P"
"1284","Mount Archer (Somerset - Qld)","P_500_649_Tot","P"
"1285","Mount Berryman","P_500_649_Tot","P"
"1286","Mount Forbes","P_500_649_Tot","P"
"1287","Mount Jukes","P_500_649_Tot","P"
"1288","Mount Larcom","P_500_649_Tot","P"
"1289","Mount Marrow","P_500_649_Tot","P"
"1290","Mount Mee","P_500_649_Tot","P"
"1291","Mount Mellum","P_500_649_Tot","P"
"1292","Mount Molar","P_500_649_Tot","P"
"1293","Mount Mort","P_500_649_Tot","P"
"1294","Mount Murchison","P_500_649_Tot","P"
"1295","Mount Ossa","P_500_649_Tot","P"
"1296","Mount St John","P_500_649_Tot","P"
"1297","Mount Surprise","P_500_649_Tot","P"
"1298","Mount Surround","P_500_649_Tot","P"
"1299","Mount Tarampa","P_500_649_Tot","P"
"1300","Mount Tyson","P_500_649_Tot","P"
"1301","Mount Warren Park","P_500_649_Tot","P"
"1302","Mount Whitestone","P_500_649_Tot","P"
"1303","Mourilyan","P_500_649_Tot","P"
"1304","Mourilyan Harbour","P_500_649_Tot","P"
"1305","Moy Pocket","P_500_649_Tot","P"
"1306","Mulgildie","P_500_649_Tot","P"
"1307","Mundingburra","P_500_649_Tot","P"
"1308","Mundoo","P_500_649_Tot","P"
"1309","Mundowran","P_500_649_Tot","P"
"1310","Mungar","P_500_649_Tot","P"
"1311","Mungindi (Qld)","P_500_649_Tot","P"
"1312","Murphys Creek (Qld)","P_500_649_Tot","P"
"1313","Murrays Bridge","P_500_649_Tot","P"
"1314","Murrigal","P_500_649_Tot","P"
"1315","Mutarnee","P_500_649_Tot","P"
"1316","Mutdapilly","P_500_649_Tot","P"
"1317","Muttaburra","P_500_649_Tot","P"
"1318","Myrtlevale","P_500_649_Tot","P"
"1319","Nahrunda","P_500_649_Tot","P"
"1320","Nambour","P_500_649_Tot","P"
"1321","Neerdie","P_500_649_Tot","P"
"1322","Nelly Bay","P_500_649_Tot","P"
"1323","Nerada","P_500_649_Tot","P"
"1324","Nerang","P_500_649_Tot","P"
"1325","Netherdale","P_500_649_Tot","P"
"1326","Newtown (Toowoomba - Qld)","P_500_649_Tot","P"
"1327","Nikenbah","P_500_649_Tot","P"
"1328","Ninderry","P_500_649_Tot","P"
"1329","Ningi","P_500_649_Tot","P"
"1330","Nobby","P_500_649_Tot","P"
"1331","Nome","P_500_649_Tot","P"
"1332","Noosa North Shore","P_500_649_Tot","P"
"1333","Noosaville","P_500_649_Tot","P"
"1334","Normanton","P_500_649_Tot","P"
"1335","North Arm (Qld)","P_500_649_Tot","P"
"1336","North Booval","P_500_649_Tot","P"
"1337","North Deep Creek","P_500_649_Tot","P"
"1338","North Eton","P_500_649_Tot","P"
"1339","North Ipswich","P_500_649_Tot","P"
"1340","North Mackay","P_500_649_Tot","P"
"1341","North Maclean","P_500_649_Tot","P"
"1342","North Talwood","P_500_649_Tot","P"
"1343","Nundubbermere","P_500_649_Tot","P"
"1344","Oak Valley","P_500_649_Tot","P"
"1345","Oakey","P_500_649_Tot","P"
"1346","Ogmore","P_500_649_Tot","P"
"1347","One Mile (Qld)","P_500_649_Tot","P"
"1348","Pacific Paradise","P_500_649_Tot","P"
"1349","Paddys Green","P_500_649_Tot","P"
"1350","Paget","P_500_649_Tot","P"
"1351","Pallara","P_500_649_Tot","P"
"1352","Palmtree","P_500_649_Tot","P"
"1353","Palmwoods (Qld)","P_500_649_Tot","P"
"1354","Park Avenue","P_500_649_Tot","P"
"1355","Park Ridge South","P_500_649_Tot","P"
"1356","Parklands (Qld)","P_500_649_Tot","P"
"1357","Parkwood (Qld)","P_500_649_Tot","P"
"1358","Parramatta Park","P_500_649_Tot","P"
"1359","Peachester","P_500_649_Tot","P"
"1360","Peacock Siding","P_500_649_Tot","P"
"1361","Peeramon","P_500_649_Tot","P"
"1362","Pelican Waters","P_500_649_Tot","P"
"1363","Perwillowen","P_500_649_Tot","P"
"1364","Picnic Bay","P_500_649_Tot","P"
"1365","Pie Creek","P_500_649_Tot","P"
"1366","Pilton","P_500_649_Tot","P"
"1367","Pimlico (Qld)","P_500_649_Tot","P"
"1368","Pin Gin Hill","P_500_649_Tot","P"
"1369","Pinbarren","P_500_649_Tot","P"
"1370","Pink Lily","P_500_649_Tot","P"
"1371","Pittsworth","P_500_649_Tot","P"
"1372","Plainland","P_500_649_Tot","P"
"1373","Pomona (Qld)","P_500_649_Tot","P"
"1374","Port Curtis","P_500_649_Tot","P"
"1375","Portsmith","P_500_649_Tot","P"
"1376","Postmans Ridge","P_500_649_Tot","P"
"1377","Prenzlau","P_500_649_Tot","P"
"1378","Proserpine","P_500_649_Tot","P"
"1379","Purga","P_500_649_Tot","P"
"1380","Queenton","P_500_649_Tot","P"
"1381","Quinalow","P_500_649_Tot","P"
"1382","Qunaba","P_500_649_Tot","P"
"1383","Raceview","P_500_649_Tot","P"
"1384","Rasmussen","P_500_649_Tot","P"
"1385","Ravensbourne","P_500_649_Tot","P"
"1386","Ravenswood (Qld)","P_500_649_Tot","P"
"1387","Redbank (Qld)","P_500_649_Tot","P"
"1388","Redbank Plains","P_500_649_Tot","P"
"1389","Redcliffe (Qld)","P_500_649_Tot","P"
"1390","Reesville","P_500_649_Tot","P"
"1391","Regency Downs","P_500_649_Tot","P"
"1392","Richlands (Qld)","P_500_649_Tot","P"
"1393","Ridgelands","P_500_649_Tot","P"
"1394","Roadvale","P_500_649_Tot","P"
"1395","Robina","P_500_649_Tot","P"
"1396","Rockhampton City","P_500_649_Tot","P"
"1397","Rocklea (Qld)","P_500_649_Tot","P"
"1398","Rockville","P_500_649_Tot","P"
"1399","Rodds Bay","P_500_649_Tot","P"
"1400","Rollingstone","P_500_649_Tot","P"
"1401","Ropeley","P_500_649_Tot","P"
"1402","Rosehill (Qld)","P_500_649_Tot","P"
"1403","Rosemount","P_500_649_Tot","P"
"1404","Rosenthal Heights","P_500_649_Tot","P"
"1405","Rosewood (Qld)","P_500_649_Tot","P"
"1406","Rossmoya","P_500_649_Tot","P"
"1407","Rothwell","P_500_649_Tot","P"
"1408","Rowes Bay","P_500_649_Tot","P"
"1409","Royston","P_500_649_Tot","P"
"1410","Runcorn","P_500_649_Tot","P"
"1411","Sadliers Crossing","P_500_649_Tot","P"
"1412","Sandgate (Qld)","P_500_649_Tot","P"
"1413","Sandy Camp","P_500_649_Tot","P"
"1414","Sandy Creek (Qld)","P_500_649_Tot","P"
"1415","Sandy Ridges","P_500_649_Tot","P"
"1416","Sarina","P_500_649_Tot","P"
"1417","Scarborough (Qld)","P_500_649_Tot","P"
"1418","Scottville","P_500_649_Tot","P"
"1419","Seisia","P_500_649_Tot","P"
"1420","Septimus","P_500_649_Tot","P"
"1421","Seventeen Seventy","P_500_649_Tot","P"
"1422","Severnlea","P_500_649_Tot","P"
"1423","Silkstone","P_500_649_Tot","P"
"1424","Silver Spur","P_500_649_Tot","P"
"1425","Silverdale (Qld)","P_500_649_Tot","P"
"1426","Sippy Downs","P_500_649_Tot","P"
"1427","Slacks Creek","P_500_649_Tot","P"
"1428","Slade Point","P_500_649_Tot","P"
"1429","Sladevale","P_500_649_Tot","P"
"1430","South Innisfail","P_500_649_Tot","P"
"1431","South Johnstone","P_500_649_Tot","P"
"1432","South Mackay","P_500_649_Tot","P"
"1433","South Mission Beach","P_500_649_Tot","P"
"1434","South Talwood","P_500_649_Tot","P"
"1435","South Toowoomba","P_500_649_Tot","P"
"1436","South Yaamba","P_500_649_Tot","P"
"1437","Southbrook","P_500_649_Tot","P"
"1438","Southern Cross (Qld)","P_500_649_Tot","P"
"1439","Southport (Qld)","P_500_649_Tot","P"
"1440","Southside","P_500_649_Tot","P"
"1441","Speewah","P_500_649_Tot","P"
"1442","Springbrook","P_500_649_Tot","P"
"1443","St Helens Beach","P_500_649_Tot","P"
"1444","Stanmore (Qld)","P_500_649_Tot","P"
"1445","Stanwell","P_500_649_Tot","P"
"1446","Stapylton","P_500_649_Tot","P"
"1447","Steiglitz (Qld)","P_500_649_Tot","P"
"1448","Stockleigh","P_500_649_Tot","P"
"1449","Stoneleigh (Qld)","P_500_649_Tot","P"
"1450","Stony Creek (Qld)","P_500_649_Tot","P"
"1451","Storm King","P_500_649_Tot","P"
"1452","Strathpine","P_500_649_Tot","P"
"1453","Stretton","P_500_649_Tot","P"
"1454","Stuart (Qld)","P_500_649_Tot","P"
"1455","Summerholm","P_500_649_Tot","P"
"1456","Sunnybank Hills","P_500_649_Tot","P"
"1457","Sunshine Acres","P_500_649_Tot","P"
"1458","Surat","P_500_649_Tot","P"
"1459","Surfers Paradise","P_500_649_Tot","P"
"1460","Swan Creek (Qld)","P_500_649_Tot","P"
"1461","Taabinga","P_500_649_Tot","P"
"1462","Tablelands (South Burnett - Qld)","P_500_649_Tot","P"
"1463","Takura","P_500_649_Tot","P"
"1464","Talgai","P_500_649_Tot","P"
"1465","Tambo","P_500_649_Tot","P"
"1466","Tamborine Mountain","P_500_649_Tot","P"
"1467","Tamrookum","P_500_649_Tot","P"
"1468","Tandur","P_500_649_Tot","P"
"1469","Tannymorel","P_500_649_Tot","P"
"1470","Tarampa","P_500_649_Tot","P"
"1471","Taranganba","P_500_649_Tot","P"
"1472","Tarome","P_500_649_Tot","P"
"1473","Taroom","P_500_649_Tot","P"
"1474","Tarzali","P_500_649_Tot","P"
"1475","Taylors Beach (Qld)","P_500_649_Tot","P"
"1476","Te Kowai","P_500_649_Tot","P"
"1477","Teddington","P_500_649_Tot","P"
"1478","Templin","P_500_649_Tot","P"
"1479","Teviotville","P_500_649_Tot","P"
"1480","Tewantin","P_500_649_Tot","P"
"1481","Theodore (Qld)","P_500_649_Tot","P"
"1482","Thorndale","P_500_649_Tot","P"
"1483","Thornton (Qld)","P_500_649_Tot","P"
"1484","Three Moon","P_500_649_Tot","P"
"1485","Tinana","P_500_649_Tot","P"
"1486","Tinana South","P_500_649_Tot","P"
"1487","Tinaroo","P_500_649_Tot","P"
"1488","Tinbeerwah","P_500_649_Tot","P"
"1489","Tingun","P_500_649_Tot","P"
"1490","Tivoli","P_500_649_Tot","P"
"1491","Tolga","P_500_649_Tot","P"
"1492","Toobanna","P_500_649_Tot","P"
"1493","Toolakea","P_500_649_Tot","P"
"1494","Toolooa","P_500_649_Tot","P"
"1495","Toorbul","P_500_649_Tot","P"
"1496","Toowoomba City","P_500_649_Tot","P"
"1497","Topaz","P_500_649_Tot","P"
"1498","Towen Mountain","P_500_649_Tot","P"
"1499","Towers Hill","P_500_649_Tot","P"
"1500","Traveston","P_500_649_Tot","P"
"1501","Trebonne","P_500_649_Tot","P"
"1502","Tuchekoi","P_500_649_Tot","P"
"1503","Tully","P_500_649_Tot","P"
"1504","Tully Heads","P_500_649_Tot","P"
"1505","Tumoulin","P_500_649_Tot","P"
"1506","Twin Waters","P_500_649_Tot","P"
"1507","Umbiram","P_500_649_Tot","P"
"1508","Upper Barron","P_500_649_Tot","P"
"1509","Upper Caboolture","P_500_649_Tot","P"
"1510","Upper Freestone","P_500_649_Tot","P"
"1511","Upper Haughton","P_500_649_Tot","P"
"1512","Upper Lockyer","P_500_649_Tot","P"
"1513","Upper Mount Gravatt","P_500_649_Tot","P"
"1514","Utchee Creek","P_500_649_Tot","P"
"1515","Valdora","P_500_649_Tot","P"
"1516","Veresdale Scrub","P_500_649_Tot","P"
"1517","Vernor","P_500_649_Tot","P"
"1518","Verrierdale","P_500_649_Tot","P"
"1519","Veteran","P_500_649_Tot","P"
"1520","Victoria Point (Qld)","P_500_649_Tot","P"
"1521","Victory Heights (Qld)","P_500_649_Tot","P"
"1522","Vincent","P_500_649_Tot","P"
"1523","Wacol","P_500_649_Tot","P"
"1524","Walkamin","P_500_649_Tot","P"
"1525","Walligan","P_500_649_Tot","P"
"1526","Wallumbilla","P_500_649_Tot","P"
"1527","Wallumbilla North","P_500_649_Tot","P"
"1528","Wandal","P_500_649_Tot","P"
"1529","Wangan","P_500_649_Tot","P"
"1530","Wanora","P_500_649_Tot","P"
"1531","Warana","P_500_649_Tot","P"
"1532","Warrill View","P_500_649_Tot","P"
"1533","Warwick (Qld)","P_500_649_Tot","P"
"1534","Waterford West","P_500_649_Tot","P"
"1535","Welcome Creek","P_500_649_Tot","P"
"1536","Wellcamp","P_500_649_Tot","P"
"1537","West Gladstone","P_500_649_Tot","P"
"1538","West Ipswich","P_500_649_Tot","P"
"1539","West Rockhampton","P_500_649_Tot","P"
"1540","West Woombye","P_500_649_Tot","P"
"1541","Westcourt","P_500_649_Tot","P"
"1542","Westwood (Qld)","P_500_649_Tot","P"
"1543","Weyba Downs","P_500_649_Tot","P"
"1544","White Patch","P_500_649_Tot","P"
"1545","White Rock (Cairns - Qld)","P_500_649_Tot","P"
"1546","Willawong","P_500_649_Tot","P"
"1547","Willowbank","P_500_649_Tot","P"
"1548","Willowvale (Qld)","P_500_649_Tot","P"
"1549","Wilsonton","P_500_649_Tot","P"
"1550","Wilsonton Heights","P_500_649_Tot","P"
"1551","Windermere (Qld)","P_500_649_Tot","P"
"1552","Winwill","P_500_649_Tot","P"
"1553","Winya","P_500_649_Tot","P"
"1554","Wivenhoe Pocket","P_500_649_Tot","P"
"1555","Wolfang","P_500_649_Tot","P"
"1556","Wolffdene","P_500_649_Tot","P"
"1557","Womina","P_500_649_Tot","P"
"1558","Wonga Beach","P_500_649_Tot","P"
"1559","Wongabel","P_500_649_Tot","P"
"1560","Wongaling Beach","P_500_649_Tot","P"
"1561","Woodbury (Qld)","P_500_649_Tot","P"
"1562","Woodend (Qld)","P_500_649_Tot","P"
"1563","Wooderson","P_500_649_Tot","P"
"1564","Woodford (Qld)","P_500_649_Tot","P"
"1565","Woodstock (Qld)","P_500_649_Tot","P"
"1566","Woombye","P_500_649_Tot","P"
"1567","Woongarra","P_500_649_Tot","P"
"1568","Woongoolba","P_500_649_Tot","P"
"1569","Wooroolin","P_500_649_Tot","P"
"1570","Wootha","P_500_649_Tot","P"
"1571","Woree","P_500_649_Tot","P"
"1572","Wulguru","P_500_649_Tot","P"
"1573","Wurtulla","P_500_649_Tot","P"
"1574","Wyaga","P_500_649_Tot","P"
"1575","Yandina","P_500_649_Tot","P"
"1576","Yangan","P_500_649_Tot","P"
"1577","Yengarie","P_500_649_Tot","P"
"1578","Yeppoon","P_500_649_Tot","P"
"1579","Yerra","P_500_649_Tot","P"
"1580","Yuleba","P_500_649_Tot","P"
"1581","Yungaburra","P_500_649_Tot","P"
"1582","Zilzie","P_500_649_Tot","P"
"1583","Migratory - Offshore - Shipping (Qld)","P_500_649_Tot","P"
"1584","Acacia Ridge","P_400_499_Tot","P"
"1585","Adavale","P_400_499_Tot","P"
"1586","Agnes Water","P_400_499_Tot","P"
"1587","Aldershot","P_400_499_Tot","P"
"1588","Allan","P_400_499_Tot","P"
"1589","Allora","P_400_499_Tot","P"
"1590","Amamoor","P_400_499_Tot","P"
"1591","Ambrose","P_400_499_Tot","P"
"1592","Amby","P_400_499_Tot","P"
"1593","Amiens","P_400_499_Tot","P"
"1594","Anderleigh","P_400_499_Tot","P"
"1595","Anthony","P_400_499_Tot","P"
"1596","Antigua","P_400_499_Tot","P"
"1597","Apple Tree Creek","P_400_499_Tot","P"
"1598","Applethorpe","P_400_499_Tot","P"
"1599","Arcadia (Qld)","P_400_499_Tot","P"
"1600","Atkinsons Dam","P_400_499_Tot","P"
"1601","Augathella","P_400_499_Tot","P"
"1602","Avenell Heights","P_400_499_Tot","P"
"1603","Avondale (Qld)","P_400_499_Tot","P"
"1604","Baffle Creek","P_400_499_Tot","P"
"1605","Balgal Beach","P_400_499_Tot","P"
"1606","Bancroft","P_400_499_Tot","P"
"1607","Bapaume","P_400_499_Tot","P"
"1608","Baree","P_400_499_Tot","P"
"1609","Barney Point","P_400_499_Tot","P"
"1610","Bartle Frere","P_400_499_Tot","P"
"1611","Bauple","P_400_499_Tot","P"
"1612","Beatrice","P_400_499_Tot","P"
"1613","Beaudesert","P_400_499_Tot","P"
"1614","Bellara","P_400_499_Tot","P"
"1615","Bells Creek","P_400_499_Tot","P"
"1616","Bellthorpe","P_400_499_Tot","P"
"1617","Benair","P_400_499_Tot","P"
"1618","Benarkin North","P_400_499_Tot","P"
"1619","Benholme","P_400_499_Tot","P"
"1620","Berajondo","P_400_499_Tot","P"
"1621","Biarra","P_400_499_Tot","P"
"1622","Biggenden","P_400_499_Tot","P"
"1623","Black Jack","P_400_499_Tot","P"
"1624","Blackbutt (Qld)","P_400_499_Tot","P"
"1625","Blackbutt North","P_400_499_Tot","P"
"1626","Blacksoil","P_400_499_Tot","P"
"1627","Bloomfield","P_400_499_Tot","P"
"1628","Bloomsbury","P_400_499_Tot","P"
"1629","Bollier","P_400_499_Tot","P"
"1630","Bongaree","P_400_499_Tot","P"
"1631","Boompa","P_400_499_Tot","P"
"1632","Boonah (Qld)","P_400_499_Tot","P"
"1633","Boondooma","P_400_499_Tot","P"
"1634","Boonooroo","P_400_499_Tot","P"
"1635","Booral (Qld)","P_400_499_Tot","P"
"1636","Booubyjan","P_400_499_Tot","P"
"1637","Booyal","P_400_499_Tot","P"
"1638","Boreen Point","P_400_499_Tot","P"
"1639","Bororen","P_400_499_Tot","P"
"1640","Boyne Valley","P_400_499_Tot","P"
"1641","Bracewell","P_400_499_Tot","P"
"1642","Bramston Beach","P_400_499_Tot","P"
"1643","Brooklands","P_400_499_Tot","P"
"1644","Brooloo","P_400_499_Tot","P"
"1645","Broxburn","P_400_499_Tot","P"
"1646","Brymaroo","P_400_499_Tot","P"
"1647","Buaraba","P_400_499_Tot","P"
"1648","Bucca (Qld)","P_400_499_Tot","P"
"1649","Bunburra","P_400_499_Tot","P"
"1650","Bundaberg North","P_400_499_Tot","P"
"1651","Bundaberg South","P_400_499_Tot","P"
"1652","Bundaberg West","P_400_499_Tot","P"
"1653","Bungadoo","P_400_499_Tot","P"
"1654","Burnett Heads","P_400_499_Tot","P"
"1655","Burrum Heads","P_400_499_Tot","P"
"1656","Butchers Creek","P_400_499_Tot","P"
"1657","Byfield","P_400_499_Tot","P"
"1658","Caboolture South","P_400_499_Tot","P"
"1659","Caloundra","P_400_499_Tot","P"
"1660","Cambroon","P_400_499_Tot","P"
"1661","Canina","P_400_499_Tot","P"
"1662","Canoona","P_400_499_Tot","P"
"1663","Captain Creek","P_400_499_Tot","P"
"1664","Captains Mountain","P_400_499_Tot","P"
"1665","Cardwell","P_400_499_Tot","P"
"1666","Carmoo","P_400_499_Tot","P"
"1667","Causeway Lake","P_400_499_Tot","P"
"1668","Cedar Pocket","P_400_499_Tot","P"
"1669","Charlwood","P_400_499_Tot","P"
"1670","Charters Towers City","P_400_499_Tot","P"
"1671","Chatsworth (Qld)","P_400_499_Tot","P"
"1672","Chewko","P_400_499_Tot","P"
"1673","Childers (Qld)","P_400_499_Tot","P"
"1674","Chillagoe","P_400_499_Tot","P"
"1675","Churchable","P_400_499_Tot","P"
"1676","Clifton (Qld)","P_400_499_Tot","P"
"1677","Cloyna","P_400_499_Tot","P"
"1678","Clumber","P_400_499_Tot","P"
"1679","Coalstoun Lakes","P_400_499_Tot","P"
"1680","Cobraball","P_400_499_Tot","P"
"1681","Coen","P_400_499_Tot","P"
"1682","Colosseum","P_400_499_Tot","P"
"1683","Conondale","P_400_499_Tot","P"
"1684","Conway Beach","P_400_499_Tot","P"
"1685","Coochiemudlo Island","P_400_499_Tot","P"
"1686","Coochin","P_400_499_Tot","P"
"1687","Coolabine","P_400_499_Tot","P"
"1688","Coolmunda","P_400_499_Tot","P"
"1689","Cooloola Cove","P_400_499_Tot","P"
"1690","Coominya","P_400_499_Tot","P"
"1691","Coonarr","P_400_499_Tot","P"
"1692","Cooranga","P_400_499_Tot","P"
"1693","Coowonga","P_400_499_Tot","P"
"1694","Coquette Point","P_400_499_Tot","P"
"1695","Cordalba","P_400_499_Tot","P"
"1696","Cordelia","P_400_499_Tot","P"
"1697","Cottonvale (Qld)","P_400_499_Tot","P"
"1698","Cow Bay","P_400_499_Tot","P"
"1699","Cressbrook","P_400_499_Tot","P"
"1700","Crohamhurst","P_400_499_Tot","P"
"1701","Crows Nest (Qld)","P_400_499_Tot","P"
"1702","Croydon (Qld)","P_400_499_Tot","P"
"1703","Cryna","P_400_499_Tot","P"
"1704","Cungulla","P_400_499_Tot","P"
"1705","Curra","P_400_499_Tot","P"
"1706","Curramore (Qld)","P_400_499_Tot","P"
"1707","Daintree","P_400_499_Tot","P"
"1708","Dallarnil","P_400_499_Tot","P"
"1709","Dalveen","P_400_499_Tot","P"
"1710","Dalysford","P_400_499_Tot","P"
"1711","Damascus","P_400_499_Tot","P"
"1712","Deeral","P_400_499_Tot","P"
"1713","Degarra","P_400_499_Tot","P"
"1714","Degilbo","P_400_499_Tot","P"
"1715","Depot Hill","P_400_499_Tot","P"
"1716","Derrymore","P_400_499_Tot","P"
"1717","Dimbulah","P_400_499_Tot","P"
"1718","Dingo Beach","P_400_499_Tot","P"
"1719","Dinmore","P_400_499_Tot","P"
"1720","Diwan","P_400_499_Tot","P"
"1721","Djarawong","P_400_499_Tot","P"
"1722","Djuan","P_400_499_Tot","P"
"1723","Donnybrook (Qld)","P_400_499_Tot","P"
"1724","Doolbi","P_400_499_Tot","P"
"1725","Douglas (Toowoomba - Qld)","P_400_499_Tot","P"
"1726","Drillham","P_400_499_Tot","P"
"1727","Drinan","P_400_499_Tot","P"
"1728","Ducklo","P_400_499_Tot","P"
"1729","Dululu","P_400_499_Tot","P"
"1730","Dundas (Qld)","P_400_499_Tot","P"
"1731","Dunmora","P_400_499_Tot","P"
"1732","Dunnrock","P_400_499_Tot","P"
"1733","East Deep Creek","P_400_499_Tot","P"
"1734","East Nanango","P_400_499_Tot","P"
"1735","Eidsvold","P_400_499_Tot","P"
"1736","Einasleigh","P_400_499_Tot","P"
"1737","Elaman Creek","P_400_499_Tot","P"
"1738","Eli Waters","P_400_499_Tot","P"
"1739","Ellen Grove","P_400_499_Tot","P"
"1740","Ellerbeck","P_400_499_Tot","P"
"1741","Ellesmere","P_400_499_Tot","P"
"1742","Elliott Heads","P_400_499_Tot","P"
"1743","Emu Vale","P_400_499_Tot","P"
"1744","Esk (Qld)","P_400_499_Tot","P"
"1745","Eukey","P_400_499_Tot","P"
"1746","Eungella (Qld)","P_400_499_Tot","P"
"1747","Eureka (Qld)","P_400_499_Tot","P"
"1748","Evelyn","P_400_499_Tot","P"
"1749","Fairy Bower","P_400_499_Tot","P"
"1750","Ferny Glen","P_400_499_Tot","P"
"1751","Finch Hatton","P_400_499_Tot","P"
"1752","Fletcher (Qld)","P_400_499_Tot","P"
"1753","Foreshores","P_400_499_Tot","P"
"1754","Forest Hill (Qld)","P_400_499_Tot","P"
"1755","Forrest Beach (Qld)","P_400_499_Tot","P"
"1756","Forsayth","P_400_499_Tot","P"
"1757","Fredericksfield","P_400_499_Tot","P"
"1758","Gailes","P_400_499_Tot","P"
"1759","Germantown (Qld)","P_400_499_Tot","P"
"1760","Gin Gin (Qld)","P_400_499_Tot","P"
"1761","Glan Devon","P_400_499_Tot","P"
"1762","Glastonbury","P_400_499_Tot","P"
"1763","Glen Aplin","P_400_499_Tot","P"
"1764","Glen Cairn","P_400_499_Tot","P"
"1765","Glenorchy (Qld)","P_400_499_Tot","P"
"1766","Goomburra","P_400_499_Tot","P"
"1767","Goomeri","P_400_499_Tot","P"
"1768","Goondi Hill","P_400_499_Tot","P"
"1769","Goranba","P_400_499_Tot","P"
"1770","Grahams Creek","P_400_499_Tot","P"
"1771","Grand Secret","P_400_499_Tot","P"
"1772","Grantham","P_400_499_Tot","P"
"1773","Granville (Qld)","P_400_499_Tot","P"
"1774","Greenlands (Qld)","P_400_499_Tot","P"
"1775","Greenview","P_400_499_Tot","P"
"1776","Grosmont","P_400_499_Tot","P"
"1777","Guluguba","P_400_499_Tot","P"
"1778","Gundiah","P_400_499_Tot","P"
"1779","Gympie","P_400_499_Tot","P"
"1780","Halifax","P_400_499_Tot","P"
"1781","Haly Creek","P_400_499_Tot","P"
"1782","Hamilton Plains","P_400_499_Tot","P"
"1783","Hannaford","P_400_499_Tot","P"
"1784","Harlin","P_400_499_Tot","P"
"1785","Helens Hill","P_400_499_Tot","P"
"1786","Herberton","P_400_499_Tot","P"
"1787","Hideaway Bay","P_400_499_Tot","P"
"1788","Hodgleigh","P_400_499_Tot","P"
"1789","Horse Creek","P_400_499_Tot","P"
"1790","Horton","P_400_499_Tot","P"
"1791","Howard","P_400_499_Tot","P"
"1792","Hudson","P_400_499_Tot","P"
"1793","Hull Heads","P_400_499_Tot","P"
"1794","Ilbilbie","P_400_499_Tot","P"
"1795","Imbil","P_400_499_Tot","P"
"1796","Inkerman (Qld)","P_400_499_Tot","P"
"1797","Innisfail","P_400_499_Tot","P"
"1798","Inverness","P_400_499_Tot","P"
"1799","Ipswich","P_400_499_Tot","P"
"1800","Irvinebank","P_400_499_Tot","P"
"1801","Isisford","P_400_499_Tot","P"
"1802","Jandowae","P_400_499_Tot","P"
"1803","Japoonvale","P_400_499_Tot","P"
"1804","Jericho (Qld)","P_400_499_Tot","P"
"1805","Kalapa","P_400_499_Tot","P"
"1806","Kandanga","P_400_499_Tot","P"
"1807","Kandanga Creek","P_400_499_Tot","P"
"1808","Kanigan","P_400_499_Tot","P"
"1809","Karragarra Island","P_400_499_Tot","P"
"1810","Kawungan","P_400_499_Tot","P"
"1811","Kennedy","P_400_499_Tot","P"
"1812","Kensington (Qld)","P_400_499_Tot","P"
"1813","Kepnock","P_400_499_Tot","P"
"1814","Keppel Sands","P_400_499_Tot","P"
"1815","Keriri Island","P_400_499_Tot","P"
"1816","Kia Ora (Qld)","P_400_499_Tot","P"
"1817","Kilkivan","P_400_499_Tot","P"
"1818","Killarney (Qld)","P_400_499_Tot","P"
"1819","Kin Kin","P_400_499_Tot","P"
"1820","Kingston (Qld)","P_400_499_Tot","P"
"1821","Kinka Beach","P_400_499_Tot","P"
"1822","Kinleymore","P_400_499_Tot","P"
"1823","Kirknie","P_400_499_Tot","P"
"1824","Kogan","P_400_499_Tot","P"
"1825","Kooralbyn","P_400_499_Tot","P"
"1826","Kumbarilla","P_400_499_Tot","P"
"1827","Kumbia","P_400_499_Tot","P"
"1828","Kybong","P_400_499_Tot","P"
"1829","Kyoomba","P_400_499_Tot","P"
"1830","Laidley","P_400_499_Tot","P"
"1831","Laidley Heights","P_400_499_Tot","P"
"1832","Laidley North","P_400_499_Tot","P"
"1833","Lake Mary","P_400_499_Tot","P"
"1834","Lamb Island","P_400_499_Tot","P"
"1835","Lannercost","P_400_499_Tot","P"
"1836","Laura (Qld)","P_400_499_Tot","P"
"1837","Leichhardt (Qld)","P_400_499_Tot","P"
"1838","Leyburn","P_400_499_Tot","P"
"1839","Linville","P_400_499_Tot","P"
"1840","Lockrose","P_400_499_Tot","P"
"1841","Lockyer Waters","P_400_499_Tot","P"
"1842","Logan Central","P_400_499_Tot","P"
"1843","Lowood","P_400_499_Tot","P"
"1844","Lucinda","P_400_499_Tot","P"
"1845","Macgregor (Qld)","P_400_499_Tot","P"
"1846","Macleay Island","P_400_499_Tot","P"
"1847","Maidenwell","P_400_499_Tot","P"
"1848","Malanda","P_400_499_Tot","P"
"1849","Marmor","P_400_499_Tot","P"
"1850","Maroondan","P_400_499_Tot","P"
"1851","Maryborough (Qld)","P_400_499_Tot","P"
"1852","Maryborough West","P_400_499_Tot","P"
"1853","Maryvale (Southern Downs - Qld)","P_400_499_Tot","P"
"1854","Massie","P_400_499_Tot","P"
"1855","McIlwraith","P_400_499_Tot","P"
"1856","Meadowvale","P_400_499_Tot","P"
"1857","Meandarra","P_400_499_Tot","P"
"1858","Midge Point","P_400_499_Tot","P"
"1859","Milbong","P_400_499_Tot","P"
"1860","Millaa Millaa","P_400_499_Tot","P"
"1861","Millbank (Qld)","P_400_499_Tot","P"
"1862","Millstream (Qld)","P_400_499_Tot","P"
"1863","Milman","P_400_499_Tot","P"
"1864","Miriam Vale","P_400_499_Tot","P"
"1865","Mondure","P_400_499_Tot","P"
"1866","Monkland","P_400_499_Tot","P"
"1867","Monto","P_400_499_Tot","P"
"1868","Moogerah","P_400_499_Tot","P"
"1869","Moonford","P_400_499_Tot","P"
"1870","Moongan","P_400_499_Tot","P"
"1871","Moore","P_400_499_Tot","P"
"1872","Moore Park Beach","P_400_499_Tot","P"
"1873","Moores Pocket","P_400_499_Tot","P"
"1874","Morven (Qld)","P_400_499_Tot","P"
"1875","Mossman Gorge","P_400_499_Tot","P"
"1876","Mothar Mountain","P_400_499_Tot","P"
"1877","Mount Beppo","P_400_499_Tot","P"
"1878","Mount Chalmers","P_400_499_Tot","P"
"1879","Mount Colliery","P_400_499_Tot","P"
"1880","Mount Garnet","P_400_499_Tot","P"
"1881","Mount Hallen","P_400_499_Tot","P"
"1882","Mount Marshall","P_400_499_Tot","P"
"1883","Mount Molloy","P_400_499_Tot","P"
"1884","Mount Morgan","P_400_499_Tot","P"
"1885","Mount Perry","P_400_499_Tot","P"
"1886","Mount Tully","P_400_499_Tot","P"
"1887","Mulara","P_400_499_Tot","P"
"1888","Mulgowie","P_400_499_Tot","P"
"1889","Mungallala","P_400_499_Tot","P"
"1890","Murgon","P_400_499_Tot","P"
"1891","Murray Upper","P_400_499_Tot","P"
"1892","Nanango","P_400_499_Tot","P"
"1893","Nathan","P_400_499_Tot","P"
"1894","Natural Bridge","P_400_499_Tot","P"
"1895","Nerimbera","P_400_499_Tot","P"
"1896","New Mapoon","P_400_499_Tot","P"
"1897","Nindooinbah","P_400_499_Tot","P"
"1898","North Isis","P_400_499_Tot","P"
"1899","North Johnstone","P_400_499_Tot","P"
"1900","North Stradbroke Island","P_400_499_Tot","P"
"1901","North Tivoli","P_400_499_Tot","P"
"1902","Norville","P_400_499_Tot","P"
"1903","Oakwood (Qld)","P_400_499_Tot","P"
"1904","Obi Obi","P_400_499_Tot","P"
"1905","Obum Obum","P_400_499_Tot","P"
"1906","Owens Creek","P_400_499_Tot","P"
"1907","Pacific Haven","P_400_499_Tot","P"
"1908","Palen Creek","P_400_499_Tot","P"
"1909","Palm Grove (Qld)","P_400_499_Tot","P"
"1910","Park Ridge","P_400_499_Tot","P"
"1911","Patrick Estate","P_400_499_Tot","P"
"1912","Pechey","P_400_499_Tot","P"
"1913","Pentland","P_400_499_Tot","P"
"1914","Peranga","P_400_499_Tot","P"
"1915","Pialba","P_400_499_Tot","P"
"1916","Pierces Creek","P_400_499_Tot","P"
"1917","Pinelands (Qld)","P_400_499_Tot","P"
"1918","Pinnacle (Qld)","P_400_499_Tot","P"
"1919","Point Vernon","P_400_499_Tot","P"
"1920","Poruma Island","P_400_499_Tot","P"
"1921","Prairie (Qld)","P_400_499_Tot","P"
"1922","Prince Of Wales","P_400_499_Tot","P"
"1923","Proston","P_400_499_Tot","P"
"1924","Raglan (Qld)","P_400_499_Tot","P"
"1925","Rainbow Beach","P_400_499_Tot","P"
"1926","Rathdowney","P_400_499_Tot","P"
"1927","Ravenshoe","P_400_499_Tot","P"
"1928","Redbank Creek","P_400_499_Tot","P"
"1929","Richmond Hill (Qld)","P_400_499_Tot","P"
"1930","Ridgewood (Qld)","P_400_499_Tot","P"
"1931","Ringtail Creek","P_400_499_Tot","P"
"1932","River Heads","P_400_499_Tot","P"
"1933","River Ranch","P_400_499_Tot","P"
"1934","Riverview (Qld)","P_400_499_Tot","P"
"1935","Robertson (Qld)","P_400_499_Tot","P"
"1936","Rockmount","P_400_499_Tot","P"
"1937","Rosedale (Qld)","P_400_499_Tot","P"
"1938","Roseneath","P_400_499_Tot","P"
"1939","Rossville","P_400_499_Tot","P"
"1940","Rubyanna","P_400_499_Tot","P"
"1941","Rules Beach","P_400_499_Tot","P"
"1942","Running Creek (Qld)","P_400_499_Tot","P"
"1943","Russell Island","P_400_499_Tot","P"
"1944","Sandstone Point","P_400_499_Tot","P"
"1945","Scarness","P_400_499_Tot","P"
"1946","Seaforth (Qld)","P_400_499_Tot","P"
"1947","Seventy Mile","P_400_499_Tot","P"
"1948","Sharon","P_400_499_Tot","P"
"1949","Silkwood","P_400_499_Tot","P"
"1950","Silky Oak","P_400_499_Tot","P"
"1951","Silver Valley","P_400_499_Tot","P"
"1952","Smoky Creek","P_400_499_Tot","P"
"1953","South Bingera","P_400_499_Tot","P"
"1954","South Isis","P_400_499_Tot","P"
"1955","South Kolan","P_400_499_Tot","P"
"1956","South Nanango","P_400_499_Tot","P"
"1957","Spring Creek (Lockyer Valley - Qld)","P_400_499_Tot","P"
"1958","Spring Creek (Toowoomba - Qld)","P_400_499_Tot","P"
"1959","St Helens (Fraser Coast - Qld)","P_400_499_Tot","P"
"1960","St Kilda (Qld)","P_400_499_Tot","P"
"1961","St Lawrence","P_400_499_Tot","P"
"1962","Stanage","P_400_499_Tot","P"
"1963","Stanthorpe","P_400_499_Tot","P"
"1964","Sugarloaf (Southern Downs - Qld)","P_400_499_Tot","P"
"1965","Sunnybank","P_400_499_Tot","P"
"1966","Svensson Heights","P_400_499_Tot","P"
"1967","Swanfels","P_400_499_Tot","P"
"1968","Talegalla Weir","P_400_499_Tot","P"
"1969","Tamaree","P_400_499_Tot","P"
"1970","Tansey","P_400_499_Tot","P"
"1971","Tara (Qld)","P_400_499_Tot","P"
"1972","Tarong","P_400_499_Tot","P"
"1973","Texas (Qld)","P_400_499_Tot","P"
"1974","Thabeban","P_400_499_Tot","P"
"1975","The Gemfields","P_400_499_Tot","P"
"1976","The Gums","P_400_499_Tot","P"
"1977","The Palms","P_400_499_Tot","P"
"1978","The Summit","P_400_499_Tot","P"
"1979","Thulimbah","P_400_499_Tot","P"
"1980","Tiaro","P_400_499_Tot","P"
"1981","Tin Can Bay","P_400_499_Tot","P"
"1982","Tingoora","P_400_499_Tot","P"
"1983","Toogoolawah","P_400_499_Tot","P"
"1984","Toogoom","P_400_499_Tot","P"
"1985","Toomulla","P_400_499_Tot","P"
"1986","Torbanlea","P_400_499_Tot","P"
"1987","Torquay (Qld)","P_400_499_Tot","P"
"1988","Town Common","P_400_499_Tot","P"
"1989","Tuan","P_400_499_Tot","P"
"1990","Tungamull","P_400_499_Tot","P"
"1991","Turkey Beach","P_400_499_Tot","P"
"1992","Two Mile","P_400_499_Tot","P"
"1993","Urangan","P_400_499_Tot","P"
"1994","Urraween","P_400_499_Tot","P"
"1995","Veradilla","P_400_499_Tot","P"
"1996","Villeneuve","P_400_499_Tot","P"
"1997","Walkers Point","P_400_499_Tot","P"
"1998","Walkervale","P_400_499_Tot","P"
"1999","Wallaville","P_400_499_Tot","P"
"2000","Wallumbilla South","P_400_499_Tot","P"
"2001","Waterloo (Qld)","P_400_499_Tot","P"
"2002","Webb","P_400_499_Tot","P"
"2003","Wheatlands","P_400_499_Tot","P"
"2004","Wheatvale","P_400_499_Tot","P"
"2005","Widgee","P_400_499_Tot","P"
"2006","Witta","P_400_499_Tot","P"
"2007","Wolvi","P_400_499_Tot","P"
"2008","Wondai","P_400_499_Tot","P"
"2009","Wondecla","P_400_499_Tot","P"
"2010","Woodgate","P_400_499_Tot","P"
"2011","Woodlands (Qld)","P_400_499_Tot","P"
"2012","Woodridge (Qld)","P_400_499_Tot","P"
"2013","Woondum","P_400_499_Tot","P"
"2014","Woorim","P_400_499_Tot","P"
"2015","Woowoonga","P_400_499_Tot","P"
"2016","Wowan","P_400_499_Tot","P"
"2017","Wyandra","P_400_499_Tot","P"
"2018","Yabulu","P_400_499_Tot","P"
"2019","Yalboroo","P_400_499_Tot","P"
"2020","Yandaran","P_400_499_Tot","P"
"2021","Yarraman (Qld)","P_400_499_Tot","P"
"2022","Yarwun","P_400_499_Tot","P"
"2023","Yelarbon","P_400_499_Tot","P"
"2024","No usual address (Qld)","P_400_499_Tot","P"
"2025","Badu Island","P_300_399_Tot","P"
"2026","Ballogie","P_300_399_Tot","P"
"2027","Bells Bridge","P_300_399_Tot","P"
"2028","Bergen","P_300_399_Tot","P"
"2029","Black Snake","P_300_399_Tot","P"
"2030","Blackbutt South","P_300_399_Tot","P"
"2031","Bony Mountain","P_300_399_Tot","P"
"2032","Braemore","P_300_399_Tot","P"
"2033","Brooweena","P_300_399_Tot","P"
"2034","Bullyard","P_300_399_Tot","P"
"2035","Burrum River","P_300_399_Tot","P"
"2036","Burrum Town","P_300_399_Tot","P"
"2037","Buxton (Qld)","P_300_399_Tot","P"
"2038","Caffey","P_300_399_Tot","P"
"2039","Campaspe","P_300_399_Tot","P"
"2040","Cherbourg","P_300_399_Tot","P"
"2041","Clairview","P_300_399_Tot","P"
"2042","Colinton (Qld)","P_300_399_Tot","P"
"2043","College View","P_300_399_Tot","P"
"2044","Comoon Loop","P_300_399_Tot","P"
"2045","Cooyar","P_300_399_Tot","P"
"2046","Coverty","P_300_399_Tot","P"
"2047","Crossdale","P_300_399_Tot","P"
"2048","Crowley Vale","P_300_399_Tot","P"
"2049","Cypress Gardens","P_300_399_Tot","P"
"2050","Darts Creek","P_300_399_Tot","P"
"2051","Deepwater (Qld)","P_300_399_Tot","P"
"2052","Delan","P_300_399_Tot","P"
"2053","Downsfield","P_300_399_Tot","P"
"2054","Durong","P_300_399_Tot","P"
"2055","Emu Creek (Qld)","P_300_399_Tot","P"
"2056","Erub Island","P_300_399_Tot","P"
"2057","Euleilah","P_300_399_Tot","P"
"2058","Gaeta","P_300_399_Tot","P"
"2059","Glenwood (Qld)","P_300_399_Tot","P"
"2060","Good Night","P_300_399_Tot","P"
"2061","Goodger","P_300_399_Tot","P"
"2062","Goodwood (Qld)","P_300_399_Tot","P"
"2063","Gootchie","P_300_399_Tot","P"
"2064","Gunalda","P_300_399_Tot","P"
"2065","Headington Hill","P_300_399_Tot","P"
"2066","Hivesville","P_300_399_Tot","P"
"2067","Hope Vale","P_300_399_Tot","P"
"2068","Horse Camp","P_300_399_Tot","P"
"2069","Iama Island","P_300_399_Tot","P"
"2070","Inala","P_300_399_Tot","P"
"2071","Injinoo","P_300_399_Tot","P"
"2072","Innot Hot Springs","P_300_399_Tot","P"
"2073","Isis River","P_300_399_Tot","P"
"2074","Jimna","P_300_399_Tot","P"
"2075","Karara","P_300_399_Tot","P"
"2076","Kowanyama","P_300_399_Tot","P"
"2077","Kullogum","P_300_399_Tot","P"
"2078","Kunwarara","P_300_399_Tot","P"
"2079","Lockhart River","P_300_399_Tot","P"
"2080","Lowmead","P_300_399_Tot","P"
"2081","Maaroom","P_300_399_Tot","P"
"2082","Mabuiag Island","P_300_399_Tot","P"
"2083","Mapoon","P_300_399_Tot","P"
"2084","Masig Island","P_300_399_Tot","P"
"2085","McIntosh Creek","P_300_399_Tot","P"
"2086","Mer Island","P_300_399_Tot","P"
"2087","Millmerran Downs","P_300_399_Tot","P"
"2088","Millmerran Woods","P_300_399_Tot","P"
"2089","Minbun","P_300_399_Tot","P"
"2090","Moa Island","P_300_399_Tot","P"
"2091","Moolboolaman","P_300_399_Tot","P"
"2092","Morganville","P_300_399_Tot","P"
"2093","Morton Vale","P_300_399_Tot","P"
"2094","Mount Carbine","P_300_399_Tot","P"
"2095","Mount Fox","P_300_399_Tot","P"
"2096","Mount Maria","P_300_399_Tot","P"
"2097","Mount Sylvia","P_300_399_Tot","P"
"2098","Mullett Creek","P_300_399_Tot","P"
"2099","New Moonta","P_300_399_Tot","P"
"2100","Owanyilla","P_300_399_Tot","P"
"2101","Palm Island","P_300_399_Tot","P"
"2102","Paterson (Qld)","P_300_399_Tot","P"
"2103","Pindi Pindi","P_300_399_Tot","P"
"2104","Poona","P_300_399_Tot","P"
"2105","Pormpuraaw","P_300_399_Tot","P"
"2106","Pratten","P_300_399_Tot","P"
"2107","Redridge","P_300_399_Tot","P"
"2108","Round Hill (Qld)","P_300_399_Tot","P"
"2109","Runnymede (Qld)","P_300_399_Tot","P"
"2110","Sexton","P_300_399_Tot","P"
"2111","South East Nanango","P_300_399_Tot","P"
"2112","St Lucia","P_300_399_Tot","P"
"2113","Taromeo","P_300_399_Tot","P"
"2114","The Falls","P_300_399_Tot","P"
"2115","Theebine","P_300_399_Tot","P"
"2116","Tirroan","P_300_399_Tot","P"
"2117","Torrens Creek","P_300_399_Tot","P"
"2118","Umagico","P_300_399_Tot","P"
"2119","Upper Yarraman","P_300_399_Tot","P"
"2120","Wallangarra","P_300_399_Tot","P"
"2121","Wallu","P_300_399_Tot","P"
"2122","Walterhall","P_300_399_Tot","P"
"2123","Warraber Islet","P_300_399_Tot","P"
"2124","Watsonville","P_300_399_Tot","P"
"2125","Wattle Camp","P_300_399_Tot","P"
"2126","Wellesley Islands","P_300_399_Tot","P"
"2127","Weranga","P_300_399_Tot","P"
"2128","Wilkesdale","P_300_399_Tot","P"
"2129","Willows","P_300_399_Tot","P"
"2130","Windera (Qld)","P_300_399_Tot","P"
"2131","Winfield","P_300_399_Tot","P"
"2132","Wonbah","P_300_399_Tot","P"
"2133","Woolooga","P_300_399_Tot","P"
"2134","Woorabinda","P_300_399_Tot","P"
"2135","Wyberba","P_300_399_Tot","P"
"2136","Yowah","P_300_399_Tot","P"
"2137","Aurukun","P_150_299_Tot","P"
"2138","Boigu Island","P_150_299_Tot","P"
"2139","Doomadgee","P_150_299_Tot","P"
"2140","Mission River","P_150_299_Tot","P"
"2141","Saibai Island","P_150_299_Tot","P"
"2142","Springfield Central","P_150_299_Tot","P"
"2143","Taunton (Qld)","P_150_299_Tot","P"
"2144","Wujal Wujal","P_150_299_Tot","P"
"2145","Yarrabah","P_150_299_Tot","P"
"2146","Lawes","P_1_149_Tot","P"
